formula_id,domain,canonical_formula_surface,materialized_surface,representation_preference,generator_kind,level_variable,metric,unit,start_level,end_level,level_step,base_value,delta_per_step,expression,proof_basis,materialized_view_status
wiki_verified_guardian_ally_upgrades_cooldown_seconds,guardians,kb/formulas/tables/canonical-formula-registry.csv#wiki_verified_guardian_ally_upgrades_cooldown_seconds,kb/guardians/tables/wiki-verified-guardian-ally-upgrades.csv,formula_first,exact_linear_generator_from_row_verified_table,level,cooldown_seconds,seconds,0,90,1,120.0,-1.0,value = 120.0 + ((level - 0.0) / 1.0) * -1.0,exactly reproduced from row-verified table,paired_with_primary_row_table_for_irregular_bit_costs
wiki_verified_guardian_attack_upgrades_cooldown_seconds,guardians,kb/formulas/tables/canonical-formula-registry.csv#wiki_verified_guardian_attack_upgrades_cooldown_seconds,kb/guardians/tables/wiki-verified-guardian-attack-upgrades.csv,formula_first,exact_linear_generator_from_row_verified_table,level,cooldown_seconds,seconds,0,90,1,120.0,-1.0,value = 120.0 + ((level - 0.0) / 1.0) * -1.0,exactly reproduced from row-verified table,paired_with_primary_row_table_for_irregular_bit_costs
wiki_verified_guardian_bounty_upgrades_multiplier,guardians,kb/formulas/tables/canonical-formula-registry.csv#wiki_verified_guardian_bounty_upgrades_multiplier,kb/guardians/tables/wiki-verified-guardian-bounty-upgrades.csv,formula_first,exact_linear_generator_from_row_verified_table,level,multiplier,multiplier,0,99,1,0.01,0.01,value = 0.01 + ((level - 0.0) / 1.0) * 0.01,exactly reproduced from row-verified table,paired_with_primary_row_table_for_irregular_bit_costs
wiki_verified_guardian_fetch_upgrades_cooldown_seconds,guardians,kb/formulas/tables/canonical-formula-registry.csv#wiki_verified_guardian_fetch_upgrades_cooldown_seconds,kb/guardians/tables/wiki-verified-guardian-fetch-upgrades.csv,formula_first,exact_linear_generator_from_row_verified_table,level,cooldown_seconds,seconds,0,60,1,120.0,-1.0,value = 120.0 + ((level - 0.0) / 1.0) * -1.0,exactly reproduced from row-verified table,paired_with_primary_row_table_for_irregular_bit_costs
wiki_verified_guardian_summon_upgrades_cooldown_seconds,guardians,kb/formulas/tables/canonical-formula-registry.csv#wiki_verified_guardian_summon_upgrades_cooldown_seconds,kb/guardians/tables/wiki-verified-guardian-summon-upgrades.csv,formula_first,exact_linear_generator_from_row_verified_table,level,cooldown_seconds,seconds,0,70,1,140.0,-1.0,value = 140.0 + ((level - 0.0) / 1.0) * -1.0,exactly reproduced from row-verified table,paired_with_primary_row_table_for_irregular_bit_costs
wall_lab_wall_fortification_value_multiplier,labs,kb/formulas/tables/canonical-formula-registry.csv#wall_lab_wall_fortification_value_multiplier,kb/labs/derived/materialized/wall-lab-wall-fortification.csv,formula_first,exact_linear_generator_from_row_verified_table,level,value_multiplier,multiplier,1,60,1,1.2,0.2,value = 1.2 + ((level - 1.0) / 1.0) * 0.2,exactly reproduced from row-verified table,moved_to_derived_materialized_view
wall_lab_wall_fortification_value_percent,labs,kb/formulas/tables/canonical-formula-registry.csv#wall_lab_wall_fortification_value_percent,kb/labs/derived/materialized/wall-lab-wall-fortification.csv,formula_first,exact_linear_generator_from_row_verified_table,level,value_percent,percent_or_percentage_points,1,60,1,20.0,20.0,value = 20.0 + ((level - 1.0) / 1.0) * 20.0,exactly reproduced from row-verified table,moved_to_derived_materialized_view
wiki_lab_attack_speed_value,labs,kb/formulas/tables/canonical-formula-registry.csv#wiki_lab_attack_speed_value,kb/labs/derived/materialized/wiki-lab-attack-speed.csv,formula_first,exact_linear_generator_from_row_verified_table,level,value,raw_numeric,1,99,1,1.02,0.02,value = 1.02 + ((level - 1.0) / 1.0) * 0.02,exactly reproduced from row-verified table,moved_to_derived_materialized_view
wiki_lab_cash_bonus_value,labs,kb/formulas/tables/canonical-formula-registry.csv#wiki_lab_cash_bonus_value,kb/labs/derived/materialized/wiki-lab-cash-bonus.csv,formula_first,exact_linear_generator_from_row_verified_table,level,value,raw_numeric,1,99,1,1.02,0.02,value = 1.02 + ((level - 1.0) / 1.0) * 0.02,exactly reproduced from row-verified table,moved_to_derived_materialized_view
wiki_lab_chrono_field_duration_value,labs,kb/formulas/tables/canonical-formula-registry.csv#wiki_lab_chrono_field_duration_value,kb/labs/derived/materialized/wiki-lab-chrono-field-duration.csv,formula_first,exact_linear_generator_from_row_verified_table,level,value,raw_numeric,1,30,1,1.0,1.0,value = 1.0 + ((level - 1.0) / 1.0) * 1.0,exactly reproduced from row-verified table,moved_to_derived_materialized_view
wiki_lab_coins_wave_value,labs,kb/formulas/tables/canonical-formula-registry.csv#wiki_lab_coins_wave_value,kb/labs/derived/materialized/wiki-lab-coins-wave.csv,formula_first,exact_linear_generator_from_row_verified_table,level,value,raw_numeric,1,99,1,1.02,0.02,value = 1.02 + ((level - 1.0) / 1.0) * 0.02,exactly reproduced from row-verified table,moved_to_derived_materialized_view
wiki_lab_damage_value,labs,kb/formulas/tables/canonical-formula-registry.csv#wiki_lab_damage_value,kb/labs/derived/materialized/wiki-lab-damage.csv,formula_first,exact_linear_generator_from_row_verified_table,level,value,raw_numeric,1,100,1,1.02,0.02,value = 1.02 + ((level - 1.0) / 1.0) * 0.02,exactly reproduced from row-verified table,moved_to_derived_materialized_view
wiki_lab_defense_percent_value,labs,kb/formulas/tables/canonical-formula-registry.csv#wiki_lab_defense_percent_value,kb/labs/derived/materialized/wiki-lab-defense-percent.csv,formula_first,exact_linear_generator_from_row_verified_table,level,value,raw_numeric,1,50,1,0.2,0.2,value = 0.2 + ((level - 1.0) / 1.0) * 0.2,exactly reproduced from row-verified table,moved_to_derived_materialized_view
wiki_lab_enemy_attack_level_skip_value_percent_points,labs,kb/formulas/tables/canonical-formula-registry.csv#wiki_lab_enemy_attack_level_skip_value_percent_points,kb/labs/derived/materialized/wiki-lab-enemy-attack-level-skip.csv,formula_first,exact_linear_generator_from_row_verified_table,level,value_percent_points,percent_or_percentage_points,1,20,1,0.1,0.1,value = 0.1 + ((level - 1.0) / 1.0) * 0.1,exactly reproduced from row-verified table,moved_to_derived_materialized_view
wiki_lab_enemy_health_level_skip_value_percent_points,labs,kb/formulas/tables/canonical-formula-registry.csv#wiki_lab_enemy_health_level_skip_value_percent_points,kb/labs/derived/materialized/wiki-lab-enemy-health-level-skip.csv,formula_first,exact_linear_generator_from_row_verified_table,level,value_percent_points,percent_or_percentage_points,1,20,1,0.1,0.1,value = 0.1 + ((level - 1.0) / 1.0) * 0.1,exactly reproduced from row-verified table,moved_to_derived_materialized_view
wiki_lab_health_regen_value,labs,kb/formulas/tables/canonical-formula-registry.csv#wiki_lab_health_regen_value,kb/labs/derived/materialized/wiki-lab-health-regen.csv,formula_first,exact_linear_generator_from_row_verified_table,level,value,raw_numeric,1,100,1,1.03,0.03,value = 1.03 + ((level - 1.0) / 1.0) * 0.03,exactly reproduced from row-verified table,moved_to_derived_materialized_view
wiki_lab_health_value,labs,kb/formulas/tables/canonical-formula-registry.csv#wiki_lab_health_value,kb/labs/derived/materialized/wiki-lab-health.csv,formula_first,exact_linear_generator_from_row_verified_table,level,value,raw_numeric,1,100,1,1.03,0.03,value = 1.03 + ((level - 1.0) / 1.0) * 0.03,exactly reproduced from row-verified table,moved_to_derived_materialized_view
wiki_lab_labs_speed_value,labs,kb/formulas/tables/canonical-formula-registry.csv#wiki_lab_labs_speed_value,kb/labs/derived/materialized/wiki-lab-labs-speed.csv,formula_first,exact_linear_generator_from_row_verified_table,level,value,raw_numeric,1,99,1,1.02,0.02,value = 1.02 + ((level - 1.0) / 1.0) * 0.02,exactly reproduced from row-verified table,moved_to_derived_materialized_view
wiki_lab_range_value,labs,kb/formulas/tables/canonical-formula-registry.csv#wiki_lab_range_value,kb/labs/derived/materialized/wiki-lab-range.csv,formula_first,exact_linear_generator_from_row_verified_table,level,value,raw_numeric,1,80,1,1.02,0.02,value = 1.02 + ((level - 1.0) / 1.0) * 0.02,exactly reproduced from row-verified table,moved_to_derived_materialized_view
wiki_lab_recovery_package_chance_value,labs,kb/formulas/tables/canonical-formula-registry.csv#wiki_lab_recovery_package_chance_value,kb/labs/derived/materialized/wiki-lab-recovery-package-chance.csv,formula_first,exact_linear_generator_from_row_verified_table,level,value,raw_numeric,1,20,1,0.2,0.2,value = 0.2 + ((level - 1.0) / 1.0) * 0.2,exactly reproduced from row-verified table,moved_to_derived_materialized_view
wiki_lab_waves_required_value,labs,kb/formulas/tables/canonical-formula-registry.csv#wiki_lab_waves_required_value,kb/labs/derived/materialized/wiki-lab-waves-required.csv,formula_first,exact_linear_generator_from_row_verified_table,level,value,raw_numeric,1,100,1,-1.0,-1.0,value = -1.0 + ((level - 1.0) / 1.0) * -1.0,exactly reproduced from row-verified table,moved_to_derived_materialized_view
wiki_wall_lab_wall_health_value,labs,kb/formulas/tables/canonical-formula-registry.csv#wiki_wall_lab_wall_health_value,kb/labs/derived/materialized/wiki-wall-lab-wall-health.csv,formula_first,exact_linear_generator_from_row_verified_table,level,value,raw_numeric,1,50,1,2.0,2.0,value = 2.0 + ((level - 1.0) / 1.0) * 2.0,exactly reproduced from row-verified table,moved_to_derived_materialized_view
wiki_wall_lab_wall_regen_value,labs,kb/formulas/tables/canonical-formula-registry.csv#wiki_wall_lab_wall_regen_value,kb/labs/derived/materialized/wiki-wall-lab-wall-regen.csv,formula_first,exact_linear_generator_from_row_verified_table,level,value,raw_numeric,1,30,1,10.0,10.0,value = 10.0 + ((level - 1.0) / 1.0) * 10.0,exactly reproduced from row-verified table,moved_to_derived_materialized_view
black_hole_basic_upgrades_duration_s,ultimate-weapons,kb/formulas/tables/canonical-formula-registry.csv#black_hole_basic_upgrades_duration_s,kb/ultimate-weapons/derived/materialized/black-hole-basic-upgrades.csv,formula_first,exact_linear_generator_from_row_verified_table,level_index,duration_s,seconds,0,23,1,15.0,1.0,value = 15.0 + ((level_index - 0.0) / 1.0) * 1.0,exactly reproduced from row-verified table,moved_to_derived_materialized_view
chrono_field_basic_upgrades_duration_s,ultimate-weapons,kb/formulas/tables/canonical-formula-registry.csv#chrono_field_basic_upgrades_duration_s,kb/ultimate-weapons/derived/materialized/chrono-field-basic-upgrades.csv,formula_first,exact_linear_generator_from_row_verified_table,level_index,duration_s,seconds,0,35,1,5.0,1.0,value = 5.0 + ((level_index - 0.0) / 1.0) * 1.0,exactly reproduced from row-verified table,moved_to_derived_materialized_view
golden_tower_basic_upgrades_duration_s,ultimate-weapons,kb/formulas/tables/canonical-formula-registry.csv#golden_tower_basic_upgrades_duration_s,kb/ultimate-weapons/derived/materialized/golden-tower-basic-upgrades.csv,formula_first,exact_linear_generator_from_row_verified_table,level_index,duration_s,seconds,0,38,1,15.0,1.0,value = 15.0 + ((level_index - 0.0) / 1.0) * 1.0,exactly reproduced from row-verified table,moved_to_derived_materialized_view
spotlight_basic_upgrades_extended_angle_deg,ultimate-weapons,kb/formulas/tables/canonical-formula-registry.csv#spotlight_basic_upgrades_extended_angle_deg,kb/ultimate-weapons/derived/materialized/spotlight-basic-upgrades-extended.csv,formula_first,exact_linear_generator_from_row_verified_table,bonus_level_index,angle_deg,raw_numeric,0,60,1,30.0,1.0,value = 30.0 + ((bonus_level_index - 0.0) / 1.0) * 1.0,exactly reproduced from row-verified table,moved_to_derived_materialized_view
wiki_death_wave_cell_bonus_levels_full_value_multiplier,ultimate-weapons,kb/formulas/tables/canonical-formula-registry.csv#wiki_death_wave_cell_bonus_levels_full_value_multiplier,kb/ultimate-weapons/derived/materialized/wiki-death-wave-cell-bonus-levels-full.csv,formula_first,exact_linear_generator_from_row_verified_table,level,value_multiplier,multiplier,1,20,1,1.1,0.1,value = 1.1 + ((level - 1.0) / 1.0) * 0.1,exactly reproduced from row-verified table,moved_to_derived_materialized_view
wiki_death_wave_coin_bonus_levels_full_value_multiplier,ultimate-weapons,kb/formulas/tables/canonical-formula-registry.csv#wiki_death_wave_coin_bonus_levels_full_value_multiplier,kb/ultimate-weapons/derived/materialized/wiki-death-wave-coin-bonus-levels-full.csv,formula_first,exact_linear_generator_from_row_verified_table,level,value_multiplier,multiplier,1,20,1,1.55,0.05,value = 1.55 + ((level - 1.0) / 1.0) * 0.05,exactly reproduced from row-verified table,moved_to_derived_materialized_view
wiki_death_wave_health_levels_full_value_pct_of_base_health,ultimate-weapons,kb/formulas/tables/canonical-formula-registry.csv#wiki_death_wave_health_levels_full_value_pct_of_base_health,kb/ultimate-weapons/derived/materialized/wiki-death-wave-health-levels-full.csv,formula_first,exact_linear_generator_from_row_verified_table,level,value_pct_of_base_health,percent_or_percentage_points,1,30,1,525.0,25.0,value = 525.0 + ((level - 1.0) / 1.0) * 25.0,exactly reproduced from row-verified table,moved_to_derived_materialized_view
wiki_verified_black_hole_coin_bonus_levels_full_value_multiplier,ultimate-weapons,kb/formulas/tables/canonical-formula-registry.csv#wiki_verified_black_hole_coin_bonus_levels_full_value_multiplier,kb/ultimate-weapons/derived/materialized/wiki-verified-black-hole-coin-bonus-levels-full.csv,formula_first,exact_linear_generator_from_row_verified_table,level,value_multiplier,multiplier,1,20,1,1.5,0.5,value = 1.5 + ((level - 1.0) / 1.0) * 0.5,exactly reproduced from row-verified table,moved_to_derived_materialized_view
wiki_verified_spotlight_missiles_lab_full_frequency_seconds,ultimate-weapons,kb/formulas/tables/canonical-formula-registry.csv#wiki_verified_spotlight_missiles_lab_full_frequency_seconds,kb/ultimate-weapons/derived/materialized/wiki-verified-spotlight-missiles-lab-full.csv,formula_first,exact_linear_generator_from_row_verified_table,level,frequency_seconds,seconds,1,18,1,19.0,-1.0,value = 19.0 + ((level - 1.0) / 1.0) * -1.0,exactly reproduced from row-verified table,moved_to_derived_materialized_view
enh_attack_speed_multiplier,workshop,kb/formulas/tables/canonical-formula-registry.csv#enh_attack_speed_multiplier,kb/workshop/derived/materialized/wiki-verified-enhancement-attack-speed.csv,formula_first,exact_linear_generator_from_row_verified_summary,level,multiplier,multiplier,0,75,1,1.0,0.01,value = 1.0 + ((level - 0) / 1) * 0.01,exactly reproduced from row-verified summary surface,moved_to_derived_materialized_view
enh_cash_bonus_multiplier,workshop,kb/formulas/tables/canonical-formula-registry.csv#enh_cash_bonus_multiplier,kb/workshop/derived/materialized/wiki-verified-enhancement-cash-bonus.csv,formula_first,exact_linear_generator_from_row_verified_summary,level,multiplier,multiplier,0,400,1,1.0,0.01,value = 1.0 + ((level - 0) / 1) * 0.01,exactly reproduced from row-verified summary surface,moved_to_derived_materialized_view
enh_cells_kill_bonus_multiplier,workshop,kb/formulas/tables/canonical-formula-registry.csv#enh_cells_kill_bonus_multiplier,kb/workshop/derived/materialized/wiki-verified-enhancement-cells-kill-bonus.csv,formula_first,exact_linear_generator_from_row_verified_summary,level,multiplier,multiplier,0,200,1,1.0,0.01,value = 1.0 + ((level - 0) / 1) * 0.01,exactly reproduced from row-verified summary surface,moved_to_derived_materialized_view
enh_coin_bonus_multiplier,workshop,kb/formulas/tables/canonical-formula-registry.csv#enh_coin_bonus_multiplier,kb/workshop/derived/materialized/wiki-verified-enhancement-coin-bonus.csv,formula_first,exact_linear_generator_from_row_verified_summary,level,multiplier,multiplier,0,200,1,1.0,0.01,value = 1.0 + ((level - 0) / 1) * 0.01,exactly reproduced from row-verified summary surface,moved_to_derived_materialized_view
enh_damage_multiplier,workshop,kb/formulas/tables/canonical-formula-registry.csv#enh_damage_multiplier,kb/workshop/derived/materialized/wiki-verified-enhancement-damage.csv,formula_first,exact_linear_generator_from_row_verified_summary,level,multiplier,multiplier,0,400,1,1.0,0.01,value = 1.0 + ((level - 0) / 1) * 0.01,exactly reproduced from row-verified summary surface,moved_to_derived_materialized_view
enh_def_abs_multiplier,workshop,kb/formulas/tables/canonical-formula-registry.csv#enh_def_abs_multiplier,kb/workshop/derived/materialized/wiki-verified-enhancement-defense-absolute.csv,formula_first,exact_linear_generator_from_row_verified_summary,level,multiplier,multiplier,0,400,1,1.0,0.01,value = 1.0 + ((level - 0) / 1) * 0.01,exactly reproduced from row-verified summary surface,moved_to_derived_materialized_view
enh_enemy_level_skips_multiplier,workshop,kb/formulas/tables/canonical-formula-registry.csv#enh_enemy_level_skips_multiplier,kb/workshop/derived/materialized/wiki-verified-enhancement-enemy-level-skips.csv,formula_first,exact_linear_generator_from_row_verified_summary,level,multiplier,multiplier,0,60,1,1.0,0.01,value = 1.0 + ((level - 0) / 1) * 0.01,exactly reproduced from row-verified summary surface,moved_to_derived_materialized_view
enh_free_upgrades_multiplier,workshop,kb/formulas/tables/canonical-formula-registry.csv#enh_free_upgrades_multiplier,kb/workshop/derived/materialized/wiki-verified-enhancement-free-upgrades.csv,formula_first,exact_linear_generator_from_row_verified_summary,level,multiplier,multiplier,0,100,1,1.0,0.01,value = 1.0 + ((level - 0) / 1) * 0.01,exactly reproduced from row-verified summary surface,moved_to_derived_materialized_view
enh_health_multiplier,workshop,kb/formulas/tables/canonical-formula-registry.csv#enh_health_multiplier,kb/workshop/derived/materialized/wiki-verified-enhancement-health.csv,formula_first,exact_linear_generator_from_row_verified_summary,level,multiplier,multiplier,0,400,1,1.0,0.01,value = 1.0 + ((level - 0) / 1) * 0.01,exactly reproduced from row-verified summary surface,moved_to_derived_materialized_view
enh_health_regen_multiplier,workshop,kb/formulas/tables/canonical-formula-registry.csv#enh_health_regen_multiplier,kb/workshop/derived/materialized/wiki-verified-enhancement-health-regen.csv,formula_first,exact_linear_generator_from_row_verified_summary,level,multiplier,multiplier,0,400,1,1.0,0.01,value = 1.0 + ((level - 0) / 1) * 0.01,exactly reproduced from row-verified summary surface,moved_to_derived_materialized_view
enh_land_mine_damage_multiplier,workshop,kb/formulas/tables/canonical-formula-registry.csv#enh_land_mine_damage_multiplier,kb/workshop/derived/materialized/wiki-verified-enhancement-land-mine-damage.csv,formula_first,exact_linear_generator_from_row_verified_summary,level,multiplier,multiplier,0,400,1,1.0,0.06,value = 1.0 + ((level - 0) / 1) * 0.06,exactly reproduced from row-verified summary surface,moved_to_derived_materialized_view
enh_orb_size_multiplier,workshop,kb/formulas/tables/canonical-formula-registry.csv#enh_orb_size_multiplier,kb/workshop/derived/materialized/wiki-verified-enhancement-orb-size.csv,formula_first,exact_linear_generator_from_row_verified_summary,level,multiplier,multiplier,0,200,1,1.0,0.01,value = 1.0 + ((level - 0) / 1) * 0.01,exactly reproduced from row-verified summary surface,moved_to_derived_materialized_view
enh_packages_multiplier,workshop,kb/formulas/tables/canonical-formula-registry.csv#enh_packages_multiplier,kb/workshop/derived/materialized/wiki-verified-enhancement-packages.csv,formula_first,exact_linear_generator_from_row_verified_summary,level,multiplier,multiplier,0,300,1,1.0,0.01,value = 1.0 + ((level - 0) / 1) * 0.01,exactly reproduced from row-verified summary surface,moved_to_derived_materialized_view
enh_wall_health_multiplier,workshop,kb/formulas/tables/canonical-formula-registry.csv#enh_wall_health_multiplier,kb/workshop/derived/materialized/wiki-verified-enhancement-wall-health.csv,formula_first,exact_linear_generator_from_row_verified_summary,level,multiplier,multiplier,0,400,1,1.0,0.01,value = 1.0 + ((level - 0) / 1) * 0.01,exactly reproduced from row-verified summary surface,moved_to_derived_materialized_view
workshop_attack_speed_value,workshop,kb/formulas/tables/canonical-formula-registry.csv#workshop_attack_speed_value,kb/workshop/derived/materialized/wiki-verified-core-workshop-summary.csv,formula_first,exact_linear_generator_from_row_verified_summary,level,attack_speed,raw_numeric,0,99,1,1.0,0.05,value = 1.0 + ((level - 0) / 1) * 0.05,exactly reproduced from row-verified summary surface,moved_to_derived_materialized_view
workshop_cash_bonus_multiplier,workshop,kb/formulas/tables/canonical-formula-registry.csv#workshop_cash_bonus_multiplier,kb/workshop/derived/materialized/wiki-verified-cash-bonus-workshop-summary.csv,formula_first,exact_linear_generator_from_row_verified_summary,level,cash_bonus,multiplier,0,149,1,1.0,0.01,value = 1.0 + ((level - 0) / 1) * 0.01,exactly reproduced from row-verified summary surface,moved_to_derived_materialized_view
workshop_coins_kill_bonus_multiplier,workshop,kb/formulas/tables/canonical-formula-registry.csv#workshop_coins_kill_bonus_multiplier,kb/workshop/derived/materialized/wiki-verified-coins-kill-bonus-workshop-summary.csv,formula_first,exact_linear_generator_from_row_verified_summary,level,coins_kill_bonus,multiplier,0,149,1,1.0,0.01,value = 1.0 + ((level - 0) / 1) * 0.01,exactly reproduced from row-verified summary surface,moved_to_derived_materialized_view
workshop_coins_wave_value,workshop,kb/formulas/tables/canonical-formula-registry.csv#workshop_coins_wave_value,kb/workshop/derived/materialized/wiki-verified-coins-wave-workshop-summary.csv,formula_first,exact_linear_generator_from_row_verified_summary,level,coins_wave,count,0,149,1,1.0,1.0,value = 1.0 + ((level - 0) / 1) * 1.0,exactly reproduced from row-verified summary surface,moved_to_derived_materialized_view
workshop_death_defy_pct,workshop,kb/formulas/tables/canonical-formula-registry.csv#workshop_death_defy_pct,kb/workshop/derived/materialized/wiki-verified-death-defy-workshop-summary.csv,formula_first,exact_linear_generator_from_row_verified_summary,level,death_defy_pct,percent_or_percentage_points,0,75,1,0.0,0.4,value = 0.0 + ((level - 0) / 1) * 0.4,exactly reproduced from row-verified summary surface,moved_to_derived_materialized_view
workshop_enemy_skip_pct,workshop,kb/formulas/tables/canonical-formula-registry.csv#workshop_enemy_skip_pct,kb/workshop/derived/materialized/wiki-verified-core-workshop-summary.csv,formula_first,exact_linear_generator_from_row_verified_summary,level,enemy_skip_pct,percent_or_percentage_points,0,699,1,0.05,0.05,value = 0.05 + ((level - 0) / 1) * 0.05,exactly reproduced from row-verified summary surface,moved_to_derived_materialized_view
workshop_land_mine_chance_pct,workshop,kb/formulas/tables/canonical-formula-registry.csv#workshop_land_mine_chance_pct,kb/workshop/derived/materialized/wiki-verified-land-mine-workshop-summary.csv,formula_first,exact_linear_generator_from_row_verified_summary,level,land_mine_chance_pct,percent_or_percentage_points,0,50,1,0.0,0.6,value = 0.0 + ((level - 0) / 1) * 0.6,exactly reproduced from row-verified summary surface,moved_to_derived_materialized_view
workshop_land_mine_damage_pct,workshop,kb/formulas/tables/canonical-formula-registry.csv#workshop_land_mine_damage_pct,kb/workshop/derived/materialized/wiki-verified-land-mine-workshop-summary.csv,formula_first,exact_linear_generator_from_row_verified_summary,level,land_mine_damage_pct,percent_or_percentage_points,0,200,1,100.0,10.0,value = 100.0 + ((level - 0) / 1) * 10.0,exactly reproduced from row-verified summary surface,moved_to_derived_materialized_view
workshop_land_mine_radius,workshop,kb/formulas/tables/canonical-formula-registry.csv#workshop_land_mine_radius,kb/workshop/derived/materialized/wiki-verified-land-mine-workshop-summary.csv,formula_first,exact_linear_generator_from_row_verified_summary,level,land_mine_radius,raw_numeric,0,50,1,0.5,0.02,value = 0.5 + ((level - 0) / 1) * 0.02,exactly reproduced from row-verified summary surface,moved_to_derived_materialized_view
workshop_max_recovery_x,workshop,kb/formulas/tables/canonical-formula-registry.csv#workshop_max_recovery_x,kb/workshop/derived/materialized/wiki-verified-recovery-packages-workshop-summary.csv,formula_first,exact_linear_generator_from_row_verified_summary,level,max_recovery_x,multiplier,0,500,1,1.0,0.031,value = 1.0 + ((level - 0) / 1) * 0.031,exactly reproduced from row-verified summary surface,moved_to_derived_materialized_view
workshop_orb_speed_rpm,workshop,kb/formulas/tables/canonical-formula-registry.csv#workshop_orb_speed_rpm,kb/workshop/derived/materialized/wiki-verified-orbs-workshop-summary.csv,formula_first,exact_linear_generator_from_row_verified_summary,level,orb_speed_rpm,rpm,0,38,1,0.4,0.15,value = 0.4 + ((level - 0) / 1) * 0.15,exactly reproduced from row-verified summary surface,moved_to_derived_materialized_view
workshop_package_chance_pct,workshop,kb/formulas/tables/canonical-formula-registry.csv#workshop_package_chance_pct,kb/workshop/derived/materialized/wiki-verified-recovery-packages-workshop-summary.csv,formula_first,exact_linear_generator_from_row_verified_summary,level,package_chance_pct,percent_or_percentage_points,0,60,1,6.0,0.4,value = 6.0 + ((level - 0) / 1) * 0.4,exactly reproduced from row-verified summary surface,moved_to_derived_materialized_view
workshop_range_m,workshop,kb/formulas/tables/canonical-formula-registry.csv#workshop_range_m,kb/workshop/derived/materialized/wiki-verified-range-workshop-summary.csv,formula_first,exact_linear_generator_from_row_verified_summary,level,range_m,meters,0,79,1,30.0,0.5,value = 30.0 + ((level - 0) / 1) * 0.5,exactly reproduced from row-verified summary surface,moved_to_derived_materialized_view
workshop_recovery_amount_pct,workshop,kb/formulas/tables/canonical-formula-registry.csv#workshop_recovery_amount_pct,kb/workshop/derived/materialized/wiki-verified-recovery-packages-workshop-summary.csv,formula_first,exact_linear_generator_from_row_verified_summary,level,recovery_amount_pct,percent_or_percentage_points,0,300,1,14.0,0.4,value = 14.0 + ((level - 0) / 1) * 0.4,exactly reproduced from row-verified summary surface,moved_to_derived_materialized_view
workshop_shockwave_frequency_s,workshop,kb/formulas/tables/canonical-formula-registry.csv#workshop_shockwave_frequency_s,kb/workshop/derived/materialized/wiki-verified-shockwave-workshop-summary.csv,formula_first,exact_linear_generator_from_row_verified_summary,level,shockwave_frequency_s,seconds,0,40,1,20.0,-0.15,value = 20.0 + ((level - 0) / 1) * -0.15,exactly reproduced from row-verified summary surface,moved_to_derived_materialized_view
workshop_shockwave_size,workshop,kb/formulas/tables/canonical-formula-registry.csv#workshop_shockwave_size,kb/workshop/derived/materialized/wiki-verified-shockwave-workshop-summary.csv,formula_first,exact_linear_generator_from_row_verified_summary,level,shockwave_size,raw_numeric,0,35,1,0.6,0.05,value = 0.6 + ((level - 0) / 1) * 0.05,exactly reproduced from row-verified summary surface,moved_to_derived_materialized_view
workshop_thorns_pct,workshop,kb/formulas/tables/canonical-formula-registry.csv#workshop_thorns_pct,kb/workshop/derived/materialized/wiki-verified-thorn-damage-workshop-summary.csv,formula_first,exact_linear_generator_from_row_verified_summary,level,thorns_pct,percent_or_percentage_points,0,99,1,0.0,1.0,value = 0.0 + ((level - 0) / 1) * 1.0,exactly reproduced from row-verified summary surface,moved_to_derived_materialized_view
workshop_wall_health_pct,workshop,kb/formulas/tables/canonical-formula-registry.csv#workshop_wall_health_pct,kb/workshop/derived/materialized/wiki-verified-wall-workshop-summary.csv,formula_first,exact_linear_generator_from_row_verified_summary,level,wall_health_pct,percent_or_percentage_points,0,1800,1,20.0,0.1,value = 20.0 + ((level - 0) / 1) * 0.1,exactly reproduced from row-verified summary surface,moved_to_derived_materialized_view
wiki_verified_amplify_bot_duration_seconds,bots,kb/formulas/tables/canonical-formula-registry.csv#wiki_verified_amplify_bot_duration_seconds,,formula_first,exact_linear_generator_from_live_wiki_rule,level,duration_seconds,seconds,0,30,1,20.0,0.5,value = 20.0 + level * 0.5,"live wiki page states starts at 20 seconds, 30 levels, +0.5 seconds/level",not_materialized_not_needed
wiki_verified_amplify_bot_cooldown_seconds,bots,kb/formulas/tables/canonical-formula-registry.csv#wiki_verified_amplify_bot_cooldown_seconds,,formula_first,exact_linear_generator_from_live_wiki_rule,level,cooldown_seconds,seconds,0,15,1,120.0,-3.0,value = 120.0 + level * -3.0,"live wiki page states starts at 120 seconds, 15 levels, -3 seconds/level",not_materialized_not_needed
wiki_verified_amplify_bot_bonus_multiplier,bots,kb/formulas/tables/canonical-formula-registry.csv#wiki_verified_amplify_bot_bonus_multiplier,,formula_first,exact_linear_generator_from_live_wiki_rule,level,bonus_multiplier,multiplier,0,30,1,3.5,0.4,value = 3.5 + level * 0.4,"live wiki page states starts at x3.50, 30 levels, +0.4/level",not_materialized_not_needed
wiki_verified_amplify_bot_range_m,bots,kb/formulas/tables/canonical-formula-registry.csv#wiki_verified_amplify_bot_range_m,,formula_first,exact_linear_generator_from_live_wiki_rule,level,range_m,meters,0,15,1,25.0,2.0,value = 25.0 + level * 2.0,"live wiki page states starts at 25m, 15 levels, +2m/level",not_materialized_not_needed
wiki_verified_flame_bot_damage_reduction_pct,bots,kb/formulas/tables/canonical-formula-registry.csv#wiki_verified_flame_bot_damage_reduction_pct,,formula_first,exact_linear_generator_from_live_wiki_rule,level,damage_reduction_pct,percent,0,25,1,20.0,3.0,value = 20.0 + level * 3.0,"live wiki page states starts at 20%, 25 levels, +3%/level",not_materialized_not_needed
wiki_verified_flame_bot_cooldown_seconds,bots,kb/formulas/tables/canonical-formula-registry.csv#wiki_verified_flame_bot_cooldown_seconds,,formula_first,exact_linear_generator_from_live_wiki_rule,level,cooldown_seconds,seconds,0,15,1,75.0,-3.0,value = 75.0 + level * -3.0,"live wiki page states starts at 75 seconds, 15 levels, -3 seconds/level",not_materialized_not_needed
wiki_verified_flame_bot_damage_multiplier,bots,kb/formulas/tables/canonical-formula-registry.csv#wiki_verified_flame_bot_damage_multiplier,,formula_first,exact_linear_generator_from_live_wiki_rule,level,damage_multiplier,multiplier,0,30,1,50.0,8.0,value = 50.0 + level * 8.0,"live wiki page states starts at x50 tower damage, 30 levels, +8x/level",not_materialized_not_needed
wiki_verified_flame_bot_range_m,bots,kb/formulas/tables/canonical-formula-registry.csv#wiki_verified_flame_bot_range_m,,formula_first,exact_linear_generator_from_live_wiki_rule,level,range_m,meters,0,15,1,30.0,4.0,value = 30.0 + level * 4.0,"live wiki page states starts at 30m, 15 levels, +4m/level",not_materialized_not_needed
wiki_verified_thunder_bot_duration_seconds,bots,kb/formulas/tables/canonical-formula-registry.csv#wiki_verified_thunder_bot_duration_seconds,,formula_first,exact_linear_generator_from_live_wiki_rule,level,duration_seconds,seconds,0,20,1,5.0,0.5,value = 5.0 + level * 0.5,"live wiki page states duration has 20 levels; cost rows show 5.5 at level 1, implying 5.0 base and +0.5/level",not_materialized_not_needed
wiki_verified_thunder_bot_cooldown_seconds,bots,kb/formulas/tables/canonical-formula-registry.csv#wiki_verified_thunder_bot_cooldown_seconds,,formula_first,exact_linear_generator_from_live_wiki_rule,level,cooldown_seconds,seconds,0,15,1,120.0,-3.0,value = 120.0 + level * -3.0,"live wiki page states cooldown starts at 120 seconds, 15 levels; cost rows confirm -3 seconds/level",not_materialized_not_needed
wiki_verified_thunder_bot_linger_pct,bots,kb/formulas/tables/canonical-formula-registry.csv#wiki_verified_thunder_bot_linger_pct,,formula_first,exact_linear_generator_from_live_wiki_rule,level,linger_pct,percent,0,15,1,20.0,3.0,value = 20.0 + level * 3.0,live wiki cost rows show 23% at level 1 and +3 percentage points/level through level 15,not_materialized_not_needed
wiki_verified_thunder_bot_range_m,bots,kb/formulas/tables/canonical-formula-registry.csv#wiki_verified_thunder_bot_range_m,,formula_first,exact_linear_generator_from_live_wiki_rule,level,range_m,meters,0,15,1,25.0,3.0,value = 25.0 + level * 3.0,live wiki cost rows show 28m at level 1 and +3m/level through level 15,not_materialized_not_needed
wiki_verified_guardian_scout_cooldown_seconds,guardians,kb/formulas/tables/canonical-formula-registry.csv#wiki_verified_guardian_scout_cooldown_seconds,kb/guardians/tables/wiki-verified-guardian-scout-upgrades.csv,formula_first,exact_linear_generator_from_live_wiki_rule,level,cooldown_seconds,seconds,0,65,1,105.0,-1.0,value = 105.0 + level * -1.0,exact linear ladder reproduced from live wiki Chips page scout table; rows 105s to 40s,paired_with_primary_row_table_for_irregular_bit_costs
wiki_verified_guardian_scout_range_bonus_multiplier,guardians,kb/formulas/tables/canonical-formula-registry.csv#wiki_verified_guardian_scout_range_bonus_multiplier,kb/guardians/tables/wiki-verified-guardian-scout-upgrades.csv,formula_first,exact_linear_generator_from_live_wiki_rule,level,range_bonus_multiplier,multiplier,0,40,1,2.0,0.1,value = 2.0 + level * 0.1,exact linear ladder reproduced from live wiki Chips page scout table; rows x2.0 to x6.0,paired_with_primary_row_table_for_irregular_bit_costs
wiki_verified_guardian_scout_duration_seconds,guardians,kb/formulas/tables/canonical-formula-registry.csv#wiki_verified_guardian_scout_duration_seconds,kb/guardians/tables/wiki-verified-guardian-scout-upgrades.csv,formula_first,exact_linear_generator_from_live_wiki_rule,level,duration_seconds,seconds,0,30,1,5.0,1.0,value = 5.0 + level * 1.0,exact linear ladder reproduced from live wiki Chips page scout table; rows 5s to 35s,paired_with_primary_row_table_for_irregular_bit_costs
wiki_verified_golden_bot_cooldown_lab_reduction_seconds,labs,kb/formulas/tables/canonical-formula-registry.csv#wiki_verified_golden_bot_cooldown_lab_reduction_seconds,,formula_first,exact_linear_generator_from_live_wiki_rule,level,cooldown_reduction_seconds,seconds,0,25,1,0.0,1.0,value = level * 1.0,"live wiki Golden Bot Cooldown lab page states 25 levels, -1 second each level",formula_only_no_materialized_view
wiki_verified_golden_bot_duration_lab_bonus_seconds,labs,kb/formulas/tables/canonical-formula-registry.csv#wiki_verified_golden_bot_duration_lab_bonus_seconds,,formula_first,exact_linear_generator_from_live_wiki_rule,level,duration_bonus_seconds,seconds,0,20,1,0.0,0.5,value = level * 0.5,"live wiki Golden Bot Duration lab page states 20 levels, +0.5 seconds each level",formula_only_no_materialized_view
wiki_verified_amplify_bot_cooldown_lab_reduction_seconds,labs,kb/formulas/tables/canonical-formula-registry.csv#wiki_verified_amplify_bot_cooldown_lab_reduction_seconds,,formula_first,exact_linear_generator_from_live_wiki_rule,level,cooldown_reduction_seconds,seconds,0,25,1,0.0,1.0,value = level * 1.0,"live wiki Amplify Bot Cooldown lab page states 25 levels, -1 second each level",formula_only_no_materialized_view
wiki_verified_amplify_bot_duration_lab_bonus_seconds,labs,kb/formulas/tables/canonical-formula-registry.csv#wiki_verified_amplify_bot_duration_lab_bonus_seconds,,formula_first,exact_linear_generator_from_live_wiki_rule,level,duration_bonus_seconds,seconds,0,20,1,0.0,0.5,value = level * 0.5,"live wiki Amplify Bot Duration lab page states 20 levels, +0.5 seconds each level",formula_only_no_materialized_view
wiki_verified_flame_bot_cooldown_lab_reduction_seconds,labs,kb/formulas/tables/canonical-formula-registry.csv#wiki_verified_flame_bot_cooldown_lab_reduction_seconds,,formula_first,exact_linear_generator_from_live_wiki_rule,level,cooldown_reduction_seconds,seconds,0,25,1,0.0,1.0,value = level * 1.0,"live wiki Flame Bot Cooldown lab page states 25 levels, -1 second each level",formula_only_no_materialized_view
wiki_verified_flame_bot_burn_stack_lab_bonus_stacks,labs,kb/formulas/tables/canonical-formula-registry.csv#wiki_verified_flame_bot_burn_stack_lab_bonus_stacks,,formula_first,exact_linear_generator_from_live_wiki_rule,level,burn_stack_bonus,count,0,5,1,0.0,1.0,value = level * 1.0,"live wiki Flame Bot Burn Stack lab page states 5 levels, +1 stack each level",formula_only_no_materialized_view
wiki_verified_thunder_bot_cooldown_lab_reduction_seconds,labs,kb/formulas/tables/canonical-formula-registry.csv#wiki_verified_thunder_bot_cooldown_lab_reduction_seconds,,formula_first,exact_linear_generator_from_live_wiki_rule,level,cooldown_reduction_seconds,seconds,0,25,1,0.0,1.0,value = level * 1.0,"live wiki Thunder Bot Cooldown lab page states 25 levels, -1 second each level",formula_only_no_materialized_view
wiki_verified_thunder_bot_linger_time_lab_bonus_seconds,labs,kb/formulas/tables/canonical-formula-registry.csv#wiki_verified_thunder_bot_linger_time_lab_bonus_seconds,,formula_first,exact_linear_generator_from_live_wiki_rule,level,linger_time_bonus_seconds,seconds,0,20,1,0.0,0.5,value = level * 0.5,"live wiki Thunder Bot Linger Time lab page states 20 levels, +0.5 seconds each level",formula_only_no_materialized_view
wiki_verified_black_hole_damage_lab_pct_enemy_hp_per_second,labs,kb/formulas/tables/canonical-formula-registry.csv#wiki_verified_black_hole_damage_lab_pct_enemy_hp_per_second,kb/ultimate-weapons/tables/wiki-verified-black-hole-damage.csv,formula_first,exact_linear_generator_from_live_wiki_rule,level,black_hole_damage_pct_enemy_hp_per_second,percent,1,10,1,0.2,0.2,value = 0.20 + ((level - 1.0) / 1.0) * 0.20,live wiki row table shows 10 levels from 0.20% to 2.00% in +0.20% steps,paired_with_primary_row_table_for_irregular_time_costs
wiki_verified_chrono_field_reduction_pct_lab,labs,kb/formulas/tables/canonical-formula-registry.csv#wiki_verified_chrono_field_reduction_pct_lab,,formula_first,exact_linear_generator_from_live_wiki_rule,level,chrono_field_damage_reduction_pct,percent,1,30,1,10.5,0.5,value = 10.50 + ((level - 1.0) / 1.0) * 0.50,live wiki row table shows 30 levels from 10.50% to 25.00% in +0.50% steps,formula_only_no_materialized_view
wiki_verified_chrono_field_damage_reduction_unlock,labs,kb/formulas/tables/canonical-formula-registry.csv#wiki_verified_chrono_field_damage_reduction_unlock,,formula_first,singleton_unlock_from_live_wiki_rule,level,chrono_field_damage_reduction_unlock,unlocked,1,1,1,1.0,0.0,value = unlocked at level 1,live wiki page shows a single unlocked level granting Chrono Field Damage Reduction baseline,formula_only_no_materialized_view
wiki_verified_death_wave_damage_amplifier_lab_multiplier_per_effect_wave,labs,kb/formulas/tables/canonical-formula-registry.csv#wiki_verified_death_wave_damage_amplifier_lab_multiplier_per_effect_wave,,formula_first,exact_linear_generator_from_live_wiki_rule,level,death_wave_damage_amplifier_multiplier_per_effect_wave,multiplier,1,30,1,6.5,1.5,value = 6.5 + ((level - 1.0) / 1.0) * 1.5,live wiki row table shows 30 levels from 6.5 to 50.0 in +1.5 steps,formula_only_no_materialized_view
wiki_verified_double_death_ray_lab_activation_chance_pct,labs,kb/formulas/tables/canonical-formula-registry.csv#wiki_verified_double_death_ray_lab_activation_chance_pct,,formula_first,exact_linear_generator_from_live_wiki_rule,level,double_death_ray_activation_chance_pct,percent,1,30,1,1.0,1.0,value = 1.0 + ((level - 1.0) / 1.0) * 1.0,live wiki row table shows 30 levels from 1% to 30% in +1% steps,formula_only_no_materialized_view
wiki_verified_super_tower_bonus_lab_multiplier,labs,kb/formulas/tables/canonical-formula-registry.csv#wiki_verified_super_tower_bonus_lab_multiplier,,formula_first,exact_linear_generator_from_live_wiki_rule,level,super_tower_bonus_multiplier,multiplier,1,30,1,1.03,0.03,value = 1.03 + ((level - 1.0) / 1.0) * 0.03,live wiki row table shows 30 levels from 1.03 to 1.90 in +0.03 steps,formula_only_no_materialized_view
wiki_verified_chain_thunder_lab_max_reduction_pct,labs,kb/formulas/tables/canonical-formula-registry.csv#wiki_verified_chain_thunder_lab_max_reduction_pct,kb/ultimate-weapons/tables/wiki-verified-chain-thunder.csv,formula_first,exact_linear_generator_from_live_wiki_rule,level,chain_thunder_max_enemy_damage_reduction_pct,percent,1,30,1,3.0,3.0,value = 3.0 + ((level - 1.0) / 1.0) * 3.0,live wiki states 30 levels increasing max reduction by 3% per level to 90%,paired_with_primary_row_table_for_irregular_time_costs
wiki_verified_swamp_rend_basic_enemies_pct_of_current_rend,labs,kb/formulas/tables/canonical-formula-registry.csv#wiki_verified_swamp_rend_basic_enemies_pct_of_current_rend,,formula_first,exact_linear_generator_from_live_wiki_rule,level,swamp_rend_basic_enemies_pct_of_current_rend,percent,1,30,1,3.0,3.0,value = 3.0 + ((level - 1.0) / 1.0) * 3.0,live wiki states 30 levels increasing percent of current rend by 3% per level to 90%,formula_only_no_materialized_view
wiki_verified_bc_group_1_reduction_pct_lab,tournaments,kb/formulas/tables/canonical-formula-registry.csv#wiki_verified_bc_group_1_reduction_pct_lab,,formula_first,exact_linear_generator_from_live_wiki_rule,level,reduction_pct,percent,1,20,1,1.0,1.0,value = 1.0 + ((level - 1) / 1.0) * 1.0,"live wiki group page states 20 levels and each lab reduces effect by X%, matching 1%..20% group pattern used in active canon",not_materialized_primary_formula
wiki_verified_bc_group_3_reduction_pct_lab,tournaments,kb/formulas/tables/canonical-formula-registry.csv#wiki_verified_bc_group_3_reduction_pct_lab,kb/tournaments/tables/battle-condition-group-3-reduction-lab.csv,formula_first,exact_linear_generator_from_live_wiki_rule,level,reduction_pct,percent,1,10,1,1.0,1.0,value = 1.0 + ((level - 1) / 1.0) * 1.0,live wiki group page states 10 levels and active canonical row table already reflects 1%..10%,materialized_view_exists
wiki_verified_bc_group_4_reduction_pct_lab,tournaments,kb/formulas/tables/canonical-formula-registry.csv#wiki_verified_bc_group_4_reduction_pct_lab,kb/tournaments/tables/battle-condition-group-4-reduction-lab.csv,formula_first,exact_linear_generator_from_live_wiki_rule,level,reduction_pct,percent,1,10,1,1.0,1.0,value = 1.0 + ((level - 1) / 1.0) * 1.0,live wiki group page states 10 levels and active canonical row table already reflects 1%..10%,materialized_view_exists
wiki_verified_golden_tower_bonus_lab,ultimate-weapons,kb/formulas/tables/canonical-formula-registry.csv#wiki_verified_golden_tower_bonus_lab,kb/ultimate-weapons/tables/wiki-verified-golden-tower-bonus-levels-full.csv,formula_first,exact_linear_generator_from_live_wiki_rule,level,bonus_additive,multiplier_add,1,25,1,0.15,0.15,value = 0.15 + ((level - 1) / 1.0) * 0.15,live wiki Golden Tower page states 25 levels and +0.15 per level,paired_with_primary_row_table_for_irregular_time_costs
wiki_verified_golden_tower_duration_lab_seconds,ultimate-weapons,kb/formulas/tables/canonical-formula-registry.csv#wiki_verified_golden_tower_duration_lab_seconds,kb/ultimate-weapons/tables/wiki-verified-golden-tower-duration-levels-full.csv,formula_first,exact_linear_generator_from_live_wiki_rule,level,duration_bonus_seconds,seconds,1,20,1,1.0,1.0,value = 1.0 + ((level - 1) / 1.0) * 1.0,live wiki Golden Tower page states 20 levels and +1 second per level,paired_with_primary_row_table_for_irregular_time_costs
wiki_verified_chain_lightning_shock_chance_pct,labs,kb/formulas/tables/canonical-formula-registry.csv#wiki_verified_chain_lightning_shock_chance_pct,kb/ultimate-weapons/tables/wiki-verified-shock-chance.csv,formula_first,exact_linear_generator_from_live_wiki,level,shock_chance_pct,percent,1,30,1,3.0,0.5,value = 3.0 + ((level - 1.0) / 1.0) * 0.5,live wiki explicit row table implies exact linear ladder,paired_with_primary_row_table_for_irregular_time_costs
wiki_verified_chain_lightning_shock_multiplier,labs,kb/formulas/tables/canonical-formula-registry.csv#wiki_verified_chain_lightning_shock_multiplier,kb/ultimate-weapons/tables/wiki-verified-shock-multiplier.csv,formula_first,exact_linear_generator_from_live_wiki,level,shock_multiplier,multiplier,1,14,1,1.14,0.04,value = 1.14 + ((level - 1.0) / 1.0) * 0.04,live wiki explicit row table implies exact linear ladder,paired_with_primary_row_table_for_irregular_time_costs
workshop_critical_chance_pct,workshop,kb/formulas/tables/canonical-formula-registry.csv#workshop_critical_chance_pct,kb/workshop/tables/wiki-verified-critical-hits-workshop-summary.csv,formula_first,exact_linear_generator_from_row_verified_summary,level,critical_chance_pct,percent_or_percentage_points,0,79,1,1.0,1.0,value = 1.0 + ((level - 0) / 1) * 1.0,exactly reproduced from row-verified summary surface,not_materialized_primary_formula
workshop_critical_factor_multiplier,workshop,kb/formulas/tables/canonical-formula-registry.csv#workshop_critical_factor_multiplier,kb/workshop/tables/wiki-verified-critical-hits-workshop-summary.csv,formula_first,exact_linear_generator_from_row_verified_summary,level,critical_factor_multiplier,multiplier,0,150,1,1.2,0.1,value = 1.2 + ((level - 0) / 1) * 0.1,exactly reproduced from row-verified summary surface,not_materialized_primary_formula
workshop_free_attack_upgrade_chance_pct,workshop,kb/formulas/tables/canonical-formula-registry.csv#workshop_free_attack_upgrade_chance_pct,kb/workshop/tables/wiki-verified-free-upgrades-workshop-summary.csv,formula_first,exact_linear_generator_from_row_verified_summary,level,free_attack_upgrade_chance_pct,percent_or_percentage_points,0,99,1,0.5,0.5,value = 0.5 + ((level - 0) / 1) * 0.5,exactly reproduced from row-verified summary surface,not_materialized_primary_formula
workshop_free_defense_upgrade_chance_pct,workshop,kb/formulas/tables/canonical-formula-registry.csv#workshop_free_defense_upgrade_chance_pct,kb/workshop/tables/wiki-verified-free-upgrades-workshop-summary.csv,formula_first,exact_linear_generator_from_row_verified_summary,level,free_defense_upgrade_chance_pct,percent_or_percentage_points,0,99,1,0.5,0.5,value = 0.5 + ((level - 0) / 1) * 0.5,exactly reproduced from row-verified summary surface,not_materialized_primary_formula
workshop_free_utility_upgrade_chance_pct,workshop,kb/formulas/tables/canonical-formula-registry.csv#workshop_free_utility_upgrade_chance_pct,kb/workshop/tables/wiki-verified-free-upgrades-workshop-summary.csv,formula_first,exact_linear_generator_from_row_verified_summary,level,free_utility_upgrade_chance_pct,percent_or_percentage_points,0,99,1,0.5,0.5,value = 0.5 + ((level - 0) / 1) * 0.5,exactly reproduced from row-verified summary surface,not_materialized_primary_formula
workshop_multishot_chance_pct,workshop,kb/formulas/tables/canonical-formula-registry.csv#workshop_multishot_chance_pct,kb/workshop/tables/wiki-verified-multishot-workshop-summary.csv,formula_first,exact_linear_generator_from_row_verified_summary,level,multishot_chance_pct,percent_or_percentage_points,0,99,1,0.5,0.5,value = 0.5 + ((level - 0) / 1) * 0.5,exactly reproduced from row-verified summary surface,not_materialized_primary_formula
workshop_multishot_targets,workshop,kb/formulas/tables/canonical-formula-registry.csv#workshop_multishot_targets,kb/workshop/tables/wiki-verified-multishot-workshop-summary.csv,formula_first,exact_linear_generator_from_row_verified_summary,level,multishot_targets,count,0,7,1,2.0,1.0,value = 2.0 + ((level - 0) / 1) * 1.0,exactly reproduced from row-verified summary surface,not_materialized_primary_formula
workshop_rapid_fire_chance_pct,workshop,kb/formulas/tables/canonical-formula-registry.csv#workshop_rapid_fire_chance_pct,kb/workshop/tables/wiki-verified-rapid-fire-workshop-summary.csv,formula_first,exact_linear_generator_from_row_verified_summary,level,rapid_fire_chance_pct,percent_or_percentage_points,0,85,1,0.4,0.4,value = 0.4 + ((level - 0) / 1) * 0.4,exactly reproduced from row-verified summary surface,not_materialized_primary_formula
workshop_bounce_shot_chance_pct,workshop,kb/formulas/tables/canonical-formula-registry.csv#workshop_bounce_shot_chance_pct,kb/workshop/tables/wiki-verified-bounce-shot-workshop-summary.csv,formula_first,exact_linear_generator_from_row_verified_summary,level,bounce_shot_chance_pct,percent_or_percentage_points,0,85,1,0.8,0.8,value = 0.8 + ((level - 0) / 1) * 0.8,exactly reproduced from row-verified summary surface,not_materialized_primary_formula
workshop_bounce_shot_targets,workshop,kb/formulas/tables/canonical-formula-registry.csv#workshop_bounce_shot_targets,kb/workshop/tables/wiki-verified-bounce-shot-workshop-summary.csv,formula_first,exact_linear_generator_from_row_verified_summary,level,bounce_shot_targets,count,0,7,1,1.0,1.0,value = 1.0 + ((level - 0) / 1) * 1.0,exactly reproduced from row-verified summary surface,not_materialized_primary_formula
workshop_bounce_shot_range_m,workshop,kb/formulas/tables/canonical-formula-registry.csv#workshop_bounce_shot_range_m,kb/workshop/tables/wiki-verified-bounce-shot-workshop-summary.csv,formula_first,exact_linear_generator_from_row_verified_summary,level,bounce_shot_range_m,meters,0,60,1,2.0,0.1,value = 2.0 + ((level - 0) / 1) * 0.1,exactly reproduced from row-verified summary surface,not_materialized_primary_formula
workshop_super_critical_chance_pct,workshop,kb/formulas/tables/canonical-formula-registry.csv#workshop_super_critical_chance_pct,kb/workshop/tables/wiki-verified-super-crit-workshop-summary.csv,formula_first,exact_linear_generator_from_row_verified_summary,level,super_critical_chance_pct,percent_or_percentage_points,0,100,1,0.2,0.2,value = 0.2 + ((level - 0) / 1) * 0.2,exactly reproduced from row-verified summary surface,not_materialized_primary_formula
workshop_super_critical_multiplier,workshop,kb/formulas/tables/canonical-formula-registry.csv#workshop_super_critical_multiplier,kb/workshop/tables/wiki-verified-super-crit-workshop-summary.csv,formula_first,exact_linear_generator_from_row_verified_summary,level,super_critical_multiplier,multiplier,0,120,1,1.2,0.1,value = 1.2 + ((level - 0) / 1) * 0.1,exactly reproduced from row-verified summary surface,not_materialized_primary_formula
workshop_rend_armor_chance_pct,workshop,kb/formulas/tables/canonical-formula-registry.csv#workshop_rend_armor_chance_pct,kb/workshop/tables/wiki-verified-rend-armor-workshop-summary.csv,formula_first,exact_linear_generator_from_row_verified_summary,level,rend_armor_chance_pct,percent_or_percentage_points,0,299,1,0.1,0.1,value = 0.1 + ((level - 0) / 1) * 0.1,exactly reproduced from row-verified summary surface,not_materialized_primary_formula
workshop_rend_armor_multiplier,workshop,kb/formulas/tables/canonical-formula-registry.csv#workshop_rend_armor_multiplier,kb/workshop/tables/wiki-verified-rend-armor-workshop-summary.csv,formula_first,exact_linear_generator_from_row_verified_summary,level,rend_armor_multiplier,multiplier,0,299,1,0.001,0.001,value = 0.001 + ((level - 0) / 1) * 0.001,exactly reproduced from row-verified summary surface,not_materialized_primary_formula
workshop_knockback_chance_pct,workshop,kb/formulas/tables/canonical-formula-registry.csv#workshop_knockback_chance_pct,kb/workshop/tables/wiki-verified-knockback-workshop-summary.csv,formula_first,exact_linear_generator_from_row_verified_summary,level,knockback_chance_pct,percent_or_percentage_points,0,80,1,1.0,1.0,value = 1.0 + ((level - 0) / 1) * 1.0,exactly reproduced from row-verified summary surface,not_materialized_primary_formula
workshop_knockback_force,workshop,kb/formulas/tables/canonical-formula-registry.csv#workshop_knockback_force,kb/workshop/tables/wiki-verified-knockback-workshop-summary.csv,formula_first,exact_linear_generator_from_row_verified_summary,level,knockback_force,raw_numeric,0,40,1,0.4,0.142,value = 0.4 + ((level - 0) / 1) * 0.142,exactly reproduced from row-verified summary surface,not_materialized_primary_formula
workshop_orb_count,workshop,kb/formulas/tables/canonical-formula-registry.csv#workshop_orb_count,kb/workshop/derived/materialized/wiki-verified-orbs-workshop-summary.csv,formula_first,exact_linear_generator_from_row_verified_summary,level,orb_count,count,0,4,1,0.0,1.0,value = 0.0 + ((level - 0) / 1) * 1.0,exactly reproduced from row-verified summary surface,not_materialized_primary_formula
workshop_defense_pct,workshop,kb/formulas/tables/canonical-formula-registry.csv#workshop_defense_pct,kb/workshop/tables/wiki-verified-workshop-summary.csv,formula_first,exact_linear_generator_from_row_verified_summary,level,defense_pct,percent_or_percentage_points,0,99,1,0.0,0.5,value = 0.0 + ((level - 0.0) / 1.0) * 0.5,exactly reproduced from row-verified workshop summary surface,paired_with_primary_row_table_for_irregular_costs
workshop_wall_rebuild_seconds,workshop,kb/formulas/tables/canonical-formula-registry.csv#workshop_wall_rebuild_seconds,kb/workshop/tables/wiki-verified-wall-rebuild-cost-snapshot.csv,formula_first,exact_linear_generator_from_row_verified_table,level,wall_rebuild_seconds,seconds,1,300,1,1198.0,-2.0,value = 1198.0 + ((level - 1.0) / 1.0) * -2.0,exactly reproduced from row-verified wall-rebuild cost snapshot; floor enforced by stat cap contract,paired_with_primary_row_table_for_irregular_costs
workshop_interest_per_wave_pct,workshop,kb/formulas/tables/canonical-formula-registry.csv#workshop_interest_per_wave_pct,kb/workshop/tables/wiki-verified-workshop-summary.csv,formula_first,exact_linear_generator_from_row_verified_summary,level,interest_per_wave_pct,percent_or_percentage_points,0,99,1,0.0,0.06,value = 0.0 + ((level - 0.0) / 1.0) * 0.06,exactly reproduced from row-verified workshop summary surface,paired_with_primary_row_table_for_irregular_costs
workshop_rapid_fire_duration_seconds,workshop,kb/formulas/tables/canonical-formula-registry.csv#workshop_rapid_fire_duration_seconds,kb/workshop/tables/wiki-verified-rapid-fire-duration-cost-snapshot.csv,formula_first,exact_linear_generator_from_row_verified_table,level,rapid_fire_duration_seconds,seconds,0,99,1,0.6,0.05,value = 0.6 + ((level - 0.0) / 1.0) * 0.05,exactly reproduced from row-verified snapshot table,paired_with_primary_row_table_for_irregular_costs
workshop_cash_per_wave_value,workshop,kb/formulas/tables/canonical-formula-registry.csv#workshop_cash_per_wave_value,kb/workshop/tables/wiki-verified-workshop-summary.csv,formula_first,exact_linear_generator_from_row_verified_summary,level,cash_per_wave_value,raw_numeric,0,149,1,0.0,4.0,value = 0.0 + ((level - 0.0) / 1.0) * 4.0,exactly reproduced from row-verified workshop summary surface,paired_with_primary_row_table_for_irregular_costs
wiki_lab_critical_factor_value,labs,kb/formulas/tables/canonical-formula-registry.csv#wiki_lab_critical_factor_value,kb/labs/tables/lab-values.csv,formula_first,exact_linear_generator_from_row_verified_table,level,value,raw_numeric,1,99,1,1.03,0.03,value = 1.03 + ((level - 1.0) / 1.0) * 0.03,exactly reproduced from row-verified lab-values table,materialized_view_exists
wiki_lab_coins_kill_bonus_value,labs,kb/formulas/tables/canonical-formula-registry.csv#wiki_lab_coins_kill_bonus_value,kb/labs/tables/lab-values.csv,formula_first,exact_linear_generator_from_row_verified_table,level,value,raw_numeric,1,99,1,1.02,0.02,value = 1.02 + ((level - 1.0) / 1.0) * 0.02,exactly reproduced from row-verified lab-values table,materialized_view_exists
wiki_lab_defense_absolute_value,labs,kb/formulas/tables/canonical-formula-registry.csv#wiki_lab_defense_absolute_value,kb/labs/tables/lab-values.csv,formula_first,exact_linear_generator_from_row_verified_table,level,value,raw_numeric,1,100,1,1.03,0.03,value = 1.03 + ((level - 1.0) / 1.0) * 0.03,exactly reproduced from row-verified lab-values table,materialized_view_exists
wiki_lab_damage_per_meter_value,labs,kb/formulas/tables/canonical-formula-registry.csv#wiki_lab_damage_per_meter_value,kb/labs/tables/lab-values.csv,formula_first,exact_linear_generator_from_row_verified_table,level,value,raw_numeric,1,99,1,1.02,0.02,value = 1.02 + ((level - 1.0) / 1.0) * 0.02,exactly reproduced from row-verified lab-values table,materialized_view_exists
wiki_wall_lab_wall_rebuild_seconds_reduction,labs,kb/formulas/tables/canonical-formula-registry.csv#wiki_wall_lab_wall_rebuild_seconds_reduction,kb/labs/tables/lab-values.csv,formula_first,exact_linear_generator_from_row_verified_table,level,seconds_reduction,seconds,1,20,1,-10.0,-10.0,value = -10.0 + ((level - 1.0) / 1.0) * -10.0,exactly reproduced from row-verified lab-values table,materialized_view_exists
wiki_lab_rend_armor_max_bonus_multiplier,labs,kb/formulas/tables/canonical-formula-registry.csv#wiki_lab_rend_armor_max_bonus_multiplier,kb/labs/tables/lab-values.csv,formula_first,exact_linear_generator_from_row_verified_table,level,bonus_multiplier,multiplier,1,30,1,0.25,0.25,value = 0.25 + ((level - 1.0) / 1.0) * 0.25,row-verified lab-values table normalized to bonus-over-base contributor surface,materialized_view_exists
workshop_wall_fortification_value_multiplier,workshop,kb/formulas/tables/canonical-formula-registry.csv#workshop_wall_fortification_value_multiplier,kb/labs/derived/materialized/wall-lab-wall-fortification.csv,formula_first,exact_linear_generator_from_row_verified_table,level,value_multiplier,multiplier,1,60,1,1.2,0.2,value = 1.2 + ((level - 1.0) / 1.0) * 0.2,exactly reproduced from row-verified table (labs-owned source; workshop runtime alias),materialized_view_exists
