substat,level,value,cost,total_cost,source
critical_chance,1,0.02,50.00,0.00,Critical_Hits/Costs
critical_chance,10,0.11,920.00,4.46K,Critical_Hits/Costs
critical_chance,50,0.51,19.67K,317.96K,Critical_Hits/Costs
critical_chance,79,0.80,59.18K,1.41M,Critical_Hits/Costs
critical_factor,1,1.30x,50.00,0.00,Critical_Hits/Costs
critical_factor,10,2.20x,593.00,2.65K,Critical_Hits/Costs
critical_factor,50,6.20x,16.15K,264.61K,Critical_Hits/Costs
critical_factor,100,11.20x,80.75K,2.50M,Critical_Hits/Costs
critical_factor,150,16.20x,26.24B,259.20B,Critical_Hits/Costs
