bot,attribute,level,value,cost,is_max,source_path,source_sha256,source_modified_utc,source_sheet
Flame Bot,Damage R.,0,0.2,0,false,reference/effective_paths/copy_of_bots_v2_2.xlsx,f329a9751b3cf7c15450e8c0f402bd989c57eea7b858b48940c38ec390b40661,2026-01-28T23:40:52.687558+00:00,DVT_Bot
Flame Bot,Damage R.,1,0.23,100,false,reference/effective_paths/copy_of_bots_v2_2.xlsx,f329a9751b3cf7c15450e8c0f402bd989c57eea7b858b48940c38ec390b40661,2026-01-28T23:40:52.687558+00:00,DVT_Bot
Flame Bot,Damage R.,2,0.26,140,false,reference/effective_paths/copy_of_bots_v2_2.xlsx,f329a9751b3cf7c15450e8c0f402bd989c57eea7b858b48940c38ec390b40661,2026-01-28T23:40:52.687558+00:00,DVT_Bot
Flame Bot,Damage R.,3,0.29,180,false,reference/effective_paths/copy_of_bots_v2_2.xlsx,f329a9751b3cf7c15450e8c0f402bd989c57eea7b858b48940c38ec390b40661,2026-01-28T23:40:52.687558+00:00,DVT_Bot
Flame Bot,Damage R.,4,0.32,220,false,reference/effective_paths/copy_of_bots_v2_2.xlsx,f329a9751b3cf7c15450e8c0f402bd989c57eea7b858b48940c38ec390b40661,2026-01-28T23:40:52.687558+00:00,DVT_Bot
Flame Bot,Damage R.,5,0.35,260,false,reference/effective_paths/copy_of_bots_v2_2.xlsx,f329a9751b3cf7c15450e8c0f402bd989c57eea7b858b48940c38ec390b40661,2026-01-28T23:40:52.687558+00:00,DVT_Bot
Flame Bot,Damage R.,6,0.38,300,false,reference/effective_paths/copy_of_bots_v2_2.xlsx,f329a9751b3cf7c15450e8c0f402bd989c57eea7b858b48940c38ec390b40661,2026-01-28T23:40:52.687558+00:00,DVT_Bot
Flame Bot,Damage R.,7,0.41,340,false,reference/effective_paths/copy_of_bots_v2_2.xlsx,f329a9751b3cf7c15450e8c0f402bd989c57eea7b858b48940c38ec390b40661,2026-01-28T23:40:52.687558+00:00,DVT_Bot
Flame Bot,Damage R.,8,0.44,380,false,reference/effective_paths/copy_of_bots_v2_2.xlsx,f329a9751b3cf7c15450e8c0f402bd989c57eea7b858b48940c38ec390b40661,2026-01-28T23:40:52.687558+00:00,DVT_Bot
Flame Bot,Damage R.,9,0.47,420,false,reference/effective_paths/copy_of_bots_v2_2.xlsx,f329a9751b3cf7c15450e8c0f402bd989c57eea7b858b48940c38ec390b40661,2026-01-28T23:40:52.687558+00:00,DVT_Bot
Flame Bot,Damage R.,10,0.5,460,false,reference/effective_paths/copy_of_bots_v2_2.xlsx,f329a9751b3cf7c15450e8c0f402bd989c57eea7b858b48940c38ec390b40661,2026-01-28T23:40:52.687558+00:00,DVT_Bot
Flame Bot,Damage R.,11,0.53,500,false,reference/effective_paths/copy_of_bots_v2_2.xlsx,f329a9751b3cf7c15450e8c0f402bd989c57eea7b858b48940c38ec390b40661,2026-01-28T23:40:52.687558+00:00,DVT_Bot
Flame Bot,Damage R.,12,0.56,540,false,reference/effective_paths/copy_of_bots_v2_2.xlsx,f329a9751b3cf7c15450e8c0f402bd989c57eea7b858b48940c38ec390b40661,2026-01-28T23:40:52.687558+00:00,DVT_Bot
Flame Bot,Damage R.,13,0.59,580,false,reference/effective_paths/copy_of_bots_v2_2.xlsx,f329a9751b3cf7c15450e8c0f402bd989c57eea7b858b48940c38ec390b40661,2026-01-28T23:40:52.687558+00:00,DVT_Bot
Flame Bot,Damage R.,14,0.62,620,false,reference/effective_paths/copy_of_bots_v2_2.xlsx,f329a9751b3cf7c15450e8c0f402bd989c57eea7b858b48940c38ec390b40661,2026-01-28T23:40:52.687558+00:00,DVT_Bot
Flame Bot,Damage R.,15,0.65,660,false,reference/effective_paths/copy_of_bots_v2_2.xlsx,f329a9751b3cf7c15450e8c0f402bd989c57eea7b858b48940c38ec390b40661,2026-01-28T23:40:52.687558+00:00,DVT_Bot
Flame Bot,Damage R.,16,0.68,700,false,reference/effective_paths/copy_of_bots_v2_2.xlsx,f329a9751b3cf7c15450e8c0f402bd989c57eea7b858b48940c38ec390b40661,2026-01-28T23:40:52.687558+00:00,DVT_Bot
Flame Bot,Damage R.,17,0.71,740,false,reference/effective_paths/copy_of_bots_v2_2.xlsx,f329a9751b3cf7c15450e8c0f402bd989c57eea7b858b48940c38ec390b40661,2026-01-28T23:40:52.687558+00:00,DVT_Bot
Flame Bot,Damage R.,18,0.74,780,false,reference/effective_paths/copy_of_bots_v2_2.xlsx,f329a9751b3cf7c15450e8c0f402bd989c57eea7b858b48940c38ec390b40661,2026-01-28T23:40:52.687558+00:00,DVT_Bot
Flame Bot,Damage R.,19,0.77,820,false,reference/effective_paths/copy_of_bots_v2_2.xlsx,f329a9751b3cf7c15450e8c0f402bd989c57eea7b858b48940c38ec390b40661,2026-01-28T23:40:52.687558+00:00,DVT_Bot
Flame Bot,Damage R.,20,0.8,860,false,reference/effective_paths/copy_of_bots_v2_2.xlsx,f329a9751b3cf7c15450e8c0f402bd989c57eea7b858b48940c38ec390b40661,2026-01-28T23:40:52.687558+00:00,DVT_Bot
Flame Bot,Damage R.,21,0.83,900,false,reference/effective_paths/copy_of_bots_v2_2.xlsx,f329a9751b3cf7c15450e8c0f402bd989c57eea7b858b48940c38ec390b40661,2026-01-28T23:40:52.687558+00:00,DVT_Bot
Flame Bot,Damage R.,22,0.86,940,false,reference/effective_paths/copy_of_bots_v2_2.xlsx,f329a9751b3cf7c15450e8c0f402bd989c57eea7b858b48940c38ec390b40661,2026-01-28T23:40:52.687558+00:00,DVT_Bot
Flame Bot,Damage R.,23,0.89,980,false,reference/effective_paths/copy_of_bots_v2_2.xlsx,f329a9751b3cf7c15450e8c0f402bd989c57eea7b858b48940c38ec390b40661,2026-01-28T23:40:52.687558+00:00,DVT_Bot
Flame Bot,Damage R.,24,0.92,1020,false,reference/effective_paths/copy_of_bots_v2_2.xlsx,f329a9751b3cf7c15450e8c0f402bd989c57eea7b858b48940c38ec390b40661,2026-01-28T23:40:52.687558+00:00,DVT_Bot
Flame Bot,Damage R.,25,0.95,1060,false,reference/effective_paths/copy_of_bots_v2_2.xlsx,f329a9751b3cf7c15450e8c0f402bd989c57eea7b858b48940c38ec390b40661,2026-01-28T23:40:52.687558+00:00,DVT_Bot
Flame Bot,Damage R.,26,0.95,,true,reference/effective_paths/copy_of_bots_v2_2.xlsx,f329a9751b3cf7c15450e8c0f402bd989c57eea7b858b48940c38ec390b40661,2026-01-28T23:40:52.687558+00:00,DVT_Bot
Flame Bot,Cooldown,0,75,0,false,reference/effective_paths/copy_of_bots_v2_2.xlsx,f329a9751b3cf7c15450e8c0f402bd989c57eea7b858b48940c38ec390b40661,2026-01-28T23:40:52.687558+00:00,DVT_Bot
Flame Bot,Cooldown,1,72,100,false,reference/effective_paths/copy_of_bots_v2_2.xlsx,f329a9751b3cf7c15450e8c0f402bd989c57eea7b858b48940c38ec390b40661,2026-01-28T23:40:52.687558+00:00,DVT_Bot
Flame Bot,Cooldown,2,69,140,false,reference/effective_paths/copy_of_bots_v2_2.xlsx,f329a9751b3cf7c15450e8c0f402bd989c57eea7b858b48940c38ec390b40661,2026-01-28T23:40:52.687558+00:00,DVT_Bot
Flame Bot,Cooldown,3,66,180,false,reference/effective_paths/copy_of_bots_v2_2.xlsx,f329a9751b3cf7c15450e8c0f402bd989c57eea7b858b48940c38ec390b40661,2026-01-28T23:40:52.687558+00:00,DVT_Bot
Flame Bot,Cooldown,4,63,220,false,reference/effective_paths/copy_of_bots_v2_2.xlsx,f329a9751b3cf7c15450e8c0f402bd989c57eea7b858b48940c38ec390b40661,2026-01-28T23:40:52.687558+00:00,DVT_Bot
Flame Bot,Cooldown,5,60,260,false,reference/effective_paths/copy_of_bots_v2_2.xlsx,f329a9751b3cf7c15450e8c0f402bd989c57eea7b858b48940c38ec390b40661,2026-01-28T23:40:52.687558+00:00,DVT_Bot
Flame Bot,Cooldown,6,57,300,false,reference/effective_paths/copy_of_bots_v2_2.xlsx,f329a9751b3cf7c15450e8c0f402bd989c57eea7b858b48940c38ec390b40661,2026-01-28T23:40:52.687558+00:00,DVT_Bot
Flame Bot,Cooldown,7,54,340,false,reference/effective_paths/copy_of_bots_v2_2.xlsx,f329a9751b3cf7c15450e8c0f402bd989c57eea7b858b48940c38ec390b40661,2026-01-28T23:40:52.687558+00:00,DVT_Bot
Flame Bot,Cooldown,8,51,380,false,reference/effective_paths/copy_of_bots_v2_2.xlsx,f329a9751b3cf7c15450e8c0f402bd989c57eea7b858b48940c38ec390b40661,2026-01-28T23:40:52.687558+00:00,DVT_Bot
Flame Bot,Cooldown,9,48,420,false,reference/effective_paths/copy_of_bots_v2_2.xlsx,f329a9751b3cf7c15450e8c0f402bd989c57eea7b858b48940c38ec390b40661,2026-01-28T23:40:52.687558+00:00,DVT_Bot
Flame Bot,Cooldown,10,45,460,false,reference/effective_paths/copy_of_bots_v2_2.xlsx,f329a9751b3cf7c15450e8c0f402bd989c57eea7b858b48940c38ec390b40661,2026-01-28T23:40:52.687558+00:00,DVT_Bot
Flame Bot,Cooldown,11,42,500,false,reference/effective_paths/copy_of_bots_v2_2.xlsx,f329a9751b3cf7c15450e8c0f402bd989c57eea7b858b48940c38ec390b40661,2026-01-28T23:40:52.687558+00:00,DVT_Bot
Flame Bot,Cooldown,12,39,540,false,reference/effective_paths/copy_of_bots_v2_2.xlsx,f329a9751b3cf7c15450e8c0f402bd989c57eea7b858b48940c38ec390b40661,2026-01-28T23:40:52.687558+00:00,DVT_Bot
Flame Bot,Cooldown,13,36,580,false,reference/effective_paths/copy_of_bots_v2_2.xlsx,f329a9751b3cf7c15450e8c0f402bd989c57eea7b858b48940c38ec390b40661,2026-01-28T23:40:52.687558+00:00,DVT_Bot
Flame Bot,Cooldown,14,33,620,false,reference/effective_paths/copy_of_bots_v2_2.xlsx,f329a9751b3cf7c15450e8c0f402bd989c57eea7b858b48940c38ec390b40661,2026-01-28T23:40:52.687558+00:00,DVT_Bot
Flame Bot,Cooldown,15,30,660,false,reference/effective_paths/copy_of_bots_v2_2.xlsx,f329a9751b3cf7c15450e8c0f402bd989c57eea7b858b48940c38ec390b40661,2026-01-28T23:40:52.687558+00:00,DVT_Bot
Flame Bot,Cooldown,16,30,,true,reference/effective_paths/copy_of_bots_v2_2.xlsx,f329a9751b3cf7c15450e8c0f402bd989c57eea7b858b48940c38ec390b40661,2026-01-28T23:40:52.687558+00:00,DVT_Bot
Flame Bot,Damage,0,50,0,false,reference/effective_paths/copy_of_bots_v2_2.xlsx,f329a9751b3cf7c15450e8c0f402bd989c57eea7b858b48940c38ec390b40661,2026-01-28T23:40:52.687558+00:00,DVT_Bot
Flame Bot,Damage,1,58,100,false,reference/effective_paths/copy_of_bots_v2_2.xlsx,f329a9751b3cf7c15450e8c0f402bd989c57eea7b858b48940c38ec390b40661,2026-01-28T23:40:52.687558+00:00,DVT_Bot
Flame Bot,Damage,2,66,140,false,reference/effective_paths/copy_of_bots_v2_2.xlsx,f329a9751b3cf7c15450e8c0f402bd989c57eea7b858b48940c38ec390b40661,2026-01-28T23:40:52.687558+00:00,DVT_Bot
Flame Bot,Damage,3,74,180,false,reference/effective_paths/copy_of_bots_v2_2.xlsx,f329a9751b3cf7c15450e8c0f402bd989c57eea7b858b48940c38ec390b40661,2026-01-28T23:40:52.687558+00:00,DVT_Bot
Flame Bot,Damage,4,82,220,false,reference/effective_paths/copy_of_bots_v2_2.xlsx,f329a9751b3cf7c15450e8c0f402bd989c57eea7b858b48940c38ec390b40661,2026-01-28T23:40:52.687558+00:00,DVT_Bot
Flame Bot,Damage,5,90,260,false,reference/effective_paths/copy_of_bots_v2_2.xlsx,f329a9751b3cf7c15450e8c0f402bd989c57eea7b858b48940c38ec390b40661,2026-01-28T23:40:52.687558+00:00,DVT_Bot
Flame Bot,Damage,6,98,300,false,reference/effective_paths/copy_of_bots_v2_2.xlsx,f329a9751b3cf7c15450e8c0f402bd989c57eea7b858b48940c38ec390b40661,2026-01-28T23:40:52.687558+00:00,DVT_Bot
Flame Bot,Damage,7,106,340,false,reference/effective_paths/copy_of_bots_v2_2.xlsx,f329a9751b3cf7c15450e8c0f402bd989c57eea7b858b48940c38ec390b40661,2026-01-28T23:40:52.687558+00:00,DVT_Bot
Flame Bot,Damage,8,114,380,false,reference/effective_paths/copy_of_bots_v2_2.xlsx,f329a9751b3cf7c15450e8c0f402bd989c57eea7b858b48940c38ec390b40661,2026-01-28T23:40:52.687558+00:00,DVT_Bot
Flame Bot,Damage,9,122,420,false,reference/effective_paths/copy_of_bots_v2_2.xlsx,f329a9751b3cf7c15450e8c0f402bd989c57eea7b858b48940c38ec390b40661,2026-01-28T23:40:52.687558+00:00,DVT_Bot
Flame Bot,Damage,10,130,460,false,reference/effective_paths/copy_of_bots_v2_2.xlsx,f329a9751b3cf7c15450e8c0f402bd989c57eea7b858b48940c38ec390b40661,2026-01-28T23:40:52.687558+00:00,DVT_Bot
Flame Bot,Damage,11,138,500,false,reference/effective_paths/copy_of_bots_v2_2.xlsx,f329a9751b3cf7c15450e8c0f402bd989c57eea7b858b48940c38ec390b40661,2026-01-28T23:40:52.687558+00:00,DVT_Bot
Flame Bot,Damage,12,146,540,false,reference/effective_paths/copy_of_bots_v2_2.xlsx,f329a9751b3cf7c15450e8c0f402bd989c57eea7b858b48940c38ec390b40661,2026-01-28T23:40:52.687558+00:00,DVT_Bot
Flame Bot,Damage,13,154,580,false,reference/effective_paths/copy_of_bots_v2_2.xlsx,f329a9751b3cf7c15450e8c0f402bd989c57eea7b858b48940c38ec390b40661,2026-01-28T23:40:52.687558+00:00,DVT_Bot
Flame Bot,Damage,14,162,620,false,reference/effective_paths/copy_of_bots_v2_2.xlsx,f329a9751b3cf7c15450e8c0f402bd989c57eea7b858b48940c38ec390b40661,2026-01-28T23:40:52.687558+00:00,DVT_Bot
Flame Bot,Damage,15,170,660,false,reference/effective_paths/copy_of_bots_v2_2.xlsx,f329a9751b3cf7c15450e8c0f402bd989c57eea7b858b48940c38ec390b40661,2026-01-28T23:40:52.687558+00:00,DVT_Bot
Flame Bot,Damage,16,178,700,false,reference/effective_paths/copy_of_bots_v2_2.xlsx,f329a9751b3cf7c15450e8c0f402bd989c57eea7b858b48940c38ec390b40661,2026-01-28T23:40:52.687558+00:00,DVT_Bot
Flame Bot,Damage,17,186,740,false,reference/effective_paths/copy_of_bots_v2_2.xlsx,f329a9751b3cf7c15450e8c0f402bd989c57eea7b858b48940c38ec390b40661,2026-01-28T23:40:52.687558+00:00,DVT_Bot
Flame Bot,Damage,18,194,780,false,reference/effective_paths/copy_of_bots_v2_2.xlsx,f329a9751b3cf7c15450e8c0f402bd989c57eea7b858b48940c38ec390b40661,2026-01-28T23:40:52.687558+00:00,DVT_Bot
Flame Bot,Damage,19,202,820,false,reference/effective_paths/copy_of_bots_v2_2.xlsx,f329a9751b3cf7c15450e8c0f402bd989c57eea7b858b48940c38ec390b40661,2026-01-28T23:40:52.687558+00:00,DVT_Bot
Flame Bot,Damage,20,210,860,false,reference/effective_paths/copy_of_bots_v2_2.xlsx,f329a9751b3cf7c15450e8c0f402bd989c57eea7b858b48940c38ec390b40661,2026-01-28T23:40:52.687558+00:00,DVT_Bot
Flame Bot,Damage,21,218,900,false,reference/effective_paths/copy_of_bots_v2_2.xlsx,f329a9751b3cf7c15450e8c0f402bd989c57eea7b858b48940c38ec390b40661,2026-01-28T23:40:52.687558+00:00,DVT_Bot
Flame Bot,Damage,22,226,940,false,reference/effective_paths/copy_of_bots_v2_2.xlsx,f329a9751b3cf7c15450e8c0f402bd989c57eea7b858b48940c38ec390b40661,2026-01-28T23:40:52.687558+00:00,DVT_Bot
Flame Bot,Damage,23,234,980,false,reference/effective_paths/copy_of_bots_v2_2.xlsx,f329a9751b3cf7c15450e8c0f402bd989c57eea7b858b48940c38ec390b40661,2026-01-28T23:40:52.687558+00:00,DVT_Bot
Flame Bot,Damage,24,242,1020,false,reference/effective_paths/copy_of_bots_v2_2.xlsx,f329a9751b3cf7c15450e8c0f402bd989c57eea7b858b48940c38ec390b40661,2026-01-28T23:40:52.687558+00:00,DVT_Bot
Flame Bot,Damage,25,250,1060,false,reference/effective_paths/copy_of_bots_v2_2.xlsx,f329a9751b3cf7c15450e8c0f402bd989c57eea7b858b48940c38ec390b40661,2026-01-28T23:40:52.687558+00:00,DVT_Bot
Flame Bot,Damage,26,258,1100,false,reference/effective_paths/copy_of_bots_v2_2.xlsx,f329a9751b3cf7c15450e8c0f402bd989c57eea7b858b48940c38ec390b40661,2026-01-28T23:40:52.687558+00:00,DVT_Bot
Flame Bot,Damage,27,266,1140,false,reference/effective_paths/copy_of_bots_v2_2.xlsx,f329a9751b3cf7c15450e8c0f402bd989c57eea7b858b48940c38ec390b40661,2026-01-28T23:40:52.687558+00:00,DVT_Bot
Flame Bot,Damage,28,274,1180,false,reference/effective_paths/copy_of_bots_v2_2.xlsx,f329a9751b3cf7c15450e8c0f402bd989c57eea7b858b48940c38ec390b40661,2026-01-28T23:40:52.687558+00:00,DVT_Bot
Flame Bot,Damage,29,282,1220,false,reference/effective_paths/copy_of_bots_v2_2.xlsx,f329a9751b3cf7c15450e8c0f402bd989c57eea7b858b48940c38ec390b40661,2026-01-28T23:40:52.687558+00:00,DVT_Bot
Flame Bot,Damage,30,290,1260,false,reference/effective_paths/copy_of_bots_v2_2.xlsx,f329a9751b3cf7c15450e8c0f402bd989c57eea7b858b48940c38ec390b40661,2026-01-28T23:40:52.687558+00:00,DVT_Bot
Flame Bot,Damage,31,290,,true,reference/effective_paths/copy_of_bots_v2_2.xlsx,f329a9751b3cf7c15450e8c0f402bd989c57eea7b858b48940c38ec390b40661,2026-01-28T23:40:52.687558+00:00,DVT_Bot
Flame Bot,Range,0,30,0,false,reference/effective_paths/copy_of_bots_v2_2.xlsx,f329a9751b3cf7c15450e8c0f402bd989c57eea7b858b48940c38ec390b40661,2026-01-28T23:40:52.687558+00:00,DVT_Bot
Flame Bot,Range,1,34,100,false,reference/effective_paths/copy_of_bots_v2_2.xlsx,f329a9751b3cf7c15450e8c0f402bd989c57eea7b858b48940c38ec390b40661,2026-01-28T23:40:52.687558+00:00,DVT_Bot
Flame Bot,Range,2,38,140,false,reference/effective_paths/copy_of_bots_v2_2.xlsx,f329a9751b3cf7c15450e8c0f402bd989c57eea7b858b48940c38ec390b40661,2026-01-28T23:40:52.687558+00:00,DVT_Bot
Flame Bot,Range,3,42,180,false,reference/effective_paths/copy_of_bots_v2_2.xlsx,f329a9751b3cf7c15450e8c0f402bd989c57eea7b858b48940c38ec390b40661,2026-01-28T23:40:52.687558+00:00,DVT_Bot
Flame Bot,Range,4,46,220,false,reference/effective_paths/copy_of_bots_v2_2.xlsx,f329a9751b3cf7c15450e8c0f402bd989c57eea7b858b48940c38ec390b40661,2026-01-28T23:40:52.687558+00:00,DVT_Bot
Flame Bot,Range,5,50,260,false,reference/effective_paths/copy_of_bots_v2_2.xlsx,f329a9751b3cf7c15450e8c0f402bd989c57eea7b858b48940c38ec390b40661,2026-01-28T23:40:52.687558+00:00,DVT_Bot
Flame Bot,Range,6,54,300,false,reference/effective_paths/copy_of_bots_v2_2.xlsx,f329a9751b3cf7c15450e8c0f402bd989c57eea7b858b48940c38ec390b40661,2026-01-28T23:40:52.687558+00:00,DVT_Bot
Flame Bot,Range,7,58,340,false,reference/effective_paths/copy_of_bots_v2_2.xlsx,f329a9751b3cf7c15450e8c0f402bd989c57eea7b858b48940c38ec390b40661,2026-01-28T23:40:52.687558+00:00,DVT_Bot
Flame Bot,Range,8,62,380,false,reference/effective_paths/copy_of_bots_v2_2.xlsx,f329a9751b3cf7c15450e8c0f402bd989c57eea7b858b48940c38ec390b40661,2026-01-28T23:40:52.687558+00:00,DVT_Bot
Flame Bot,Range,9,66,420,false,reference/effective_paths/copy_of_bots_v2_2.xlsx,f329a9751b3cf7c15450e8c0f402bd989c57eea7b858b48940c38ec390b40661,2026-01-28T23:40:52.687558+00:00,DVT_Bot
Flame Bot,Range,10,70,460,false,reference/effective_paths/copy_of_bots_v2_2.xlsx,f329a9751b3cf7c15450e8c0f402bd989c57eea7b858b48940c38ec390b40661,2026-01-28T23:40:52.687558+00:00,DVT_Bot
Flame Bot,Range,11,74,500,false,reference/effective_paths/copy_of_bots_v2_2.xlsx,f329a9751b3cf7c15450e8c0f402bd989c57eea7b858b48940c38ec390b40661,2026-01-28T23:40:52.687558+00:00,DVT_Bot
Flame Bot,Range,12,78,540,false,reference/effective_paths/copy_of_bots_v2_2.xlsx,f329a9751b3cf7c15450e8c0f402bd989c57eea7b858b48940c38ec390b40661,2026-01-28T23:40:52.687558+00:00,DVT_Bot
Flame Bot,Range,13,82,580,false,reference/effective_paths/copy_of_bots_v2_2.xlsx,f329a9751b3cf7c15450e8c0f402bd989c57eea7b858b48940c38ec390b40661,2026-01-28T23:40:52.687558+00:00,DVT_Bot
Flame Bot,Range,14,86,620,false,reference/effective_paths/copy_of_bots_v2_2.xlsx,f329a9751b3cf7c15450e8c0f402bd989c57eea7b858b48940c38ec390b40661,2026-01-28T23:40:52.687558+00:00,DVT_Bot
Flame Bot,Range,15,90,660,false,reference/effective_paths/copy_of_bots_v2_2.xlsx,f329a9751b3cf7c15450e8c0f402bd989c57eea7b858b48940c38ec390b40661,2026-01-28T23:40:52.687558+00:00,DVT_Bot
Flame Bot,Range,16,90,,true,reference/effective_paths/copy_of_bots_v2_2.xlsx,f329a9751b3cf7c15450e8c0f402bd989c57eea7b858b48940c38ec390b40661,2026-01-28T23:40:52.687558+00:00,DVT_Bot
Thunder Bot,Duration,0,5,0,false,reference/effective_paths/copy_of_bots_v2_2.xlsx,f329a9751b3cf7c15450e8c0f402bd989c57eea7b858b48940c38ec390b40661,2026-01-28T23:40:52.687558+00:00,DVT_Bot
Thunder Bot,Duration,1,5.5,100,false,reference/effective_paths/copy_of_bots_v2_2.xlsx,f329a9751b3cf7c15450e8c0f402bd989c57eea7b858b48940c38ec390b40661,2026-01-28T23:40:52.687558+00:00,DVT_Bot
Thunder Bot,Duration,2,6,140,false,reference/effective_paths/copy_of_bots_v2_2.xlsx,f329a9751b3cf7c15450e8c0f402bd989c57eea7b858b48940c38ec390b40661,2026-01-28T23:40:52.687558+00:00,DVT_Bot
Thunder Bot,Duration,3,6.5,180,false,reference/effective_paths/copy_of_bots_v2_2.xlsx,f329a9751b3cf7c15450e8c0f402bd989c57eea7b858b48940c38ec390b40661,2026-01-28T23:40:52.687558+00:00,DVT_Bot
Thunder Bot,Duration,4,7,220,false,reference/effective_paths/copy_of_bots_v2_2.xlsx,f329a9751b3cf7c15450e8c0f402bd989c57eea7b858b48940c38ec390b40661,2026-01-28T23:40:52.687558+00:00,DVT_Bot
Thunder Bot,Duration,5,7.5,260,false,reference/effective_paths/copy_of_bots_v2_2.xlsx,f329a9751b3cf7c15450e8c0f402bd989c57eea7b858b48940c38ec390b40661,2026-01-28T23:40:52.687558+00:00,DVT_Bot
Thunder Bot,Duration,6,8,300,false,reference/effective_paths/copy_of_bots_v2_2.xlsx,f329a9751b3cf7c15450e8c0f402bd989c57eea7b858b48940c38ec390b40661,2026-01-28T23:40:52.687558+00:00,DVT_Bot
Thunder Bot,Duration,7,8.5,340,false,reference/effective_paths/copy_of_bots_v2_2.xlsx,f329a9751b3cf7c15450e8c0f402bd989c57eea7b858b48940c38ec390b40661,2026-01-28T23:40:52.687558+00:00,DVT_Bot
Thunder Bot,Duration,8,9,380,false,reference/effective_paths/copy_of_bots_v2_2.xlsx,f329a9751b3cf7c15450e8c0f402bd989c57eea7b858b48940c38ec390b40661,2026-01-28T23:40:52.687558+00:00,DVT_Bot
Thunder Bot,Duration,9,9.5,420,false,reference/effective_paths/copy_of_bots_v2_2.xlsx,f329a9751b3cf7c15450e8c0f402bd989c57eea7b858b48940c38ec390b40661,2026-01-28T23:40:52.687558+00:00,DVT_Bot
Thunder Bot,Duration,10,10,460,false,reference/effective_paths/copy_of_bots_v2_2.xlsx,f329a9751b3cf7c15450e8c0f402bd989c57eea7b858b48940c38ec390b40661,2026-01-28T23:40:52.687558+00:00,DVT_Bot
Thunder Bot,Duration,11,10.5,500,false,reference/effective_paths/copy_of_bots_v2_2.xlsx,f329a9751b3cf7c15450e8c0f402bd989c57eea7b858b48940c38ec390b40661,2026-01-28T23:40:52.687558+00:00,DVT_Bot
Thunder Bot,Duration,12,11,540,false,reference/effective_paths/copy_of_bots_v2_2.xlsx,f329a9751b3cf7c15450e8c0f402bd989c57eea7b858b48940c38ec390b40661,2026-01-28T23:40:52.687558+00:00,DVT_Bot
Thunder Bot,Duration,13,11.5,580,false,reference/effective_paths/copy_of_bots_v2_2.xlsx,f329a9751b3cf7c15450e8c0f402bd989c57eea7b858b48940c38ec390b40661,2026-01-28T23:40:52.687558+00:00,DVT_Bot
Thunder Bot,Duration,14,12,620,false,reference/effective_paths/copy_of_bots_v2_2.xlsx,f329a9751b3cf7c15450e8c0f402bd989c57eea7b858b48940c38ec390b40661,2026-01-28T23:40:52.687558+00:00,DVT_Bot
Thunder Bot,Duration,15,12.5,660,false,reference/effective_paths/copy_of_bots_v2_2.xlsx,f329a9751b3cf7c15450e8c0f402bd989c57eea7b858b48940c38ec390b40661,2026-01-28T23:40:52.687558+00:00,DVT_Bot
Thunder Bot,Duration,16,13,700,false,reference/effective_paths/copy_of_bots_v2_2.xlsx,f329a9751b3cf7c15450e8c0f402bd989c57eea7b858b48940c38ec390b40661,2026-01-28T23:40:52.687558+00:00,DVT_Bot
Thunder Bot,Duration,17,13.5,740,false,reference/effective_paths/copy_of_bots_v2_2.xlsx,f329a9751b3cf7c15450e8c0f402bd989c57eea7b858b48940c38ec390b40661,2026-01-28T23:40:52.687558+00:00,DVT_Bot
Thunder Bot,Duration,18,14,780,false,reference/effective_paths/copy_of_bots_v2_2.xlsx,f329a9751b3cf7c15450e8c0f402bd989c57eea7b858b48940c38ec390b40661,2026-01-28T23:40:52.687558+00:00,DVT_Bot
Thunder Bot,Duration,19,14.5,820,false,reference/effective_paths/copy_of_bots_v2_2.xlsx,f329a9751b3cf7c15450e8c0f402bd989c57eea7b858b48940c38ec390b40661,2026-01-28T23:40:52.687558+00:00,DVT_Bot
Thunder Bot,Duration,20,15,860,false,reference/effective_paths/copy_of_bots_v2_2.xlsx,f329a9751b3cf7c15450e8c0f402bd989c57eea7b858b48940c38ec390b40661,2026-01-28T23:40:52.687558+00:00,DVT_Bot
Thunder Bot,Duration,21,15,,true,reference/effective_paths/copy_of_bots_v2_2.xlsx,f329a9751b3cf7c15450e8c0f402bd989c57eea7b858b48940c38ec390b40661,2026-01-28T23:40:52.687558+00:00,DVT_Bot
Thunder Bot,Cooldown,0,120,0,false,reference/effective_paths/copy_of_bots_v2_2.xlsx,f329a9751b3cf7c15450e8c0f402bd989c57eea7b858b48940c38ec390b40661,2026-01-28T23:40:52.687558+00:00,DVT_Bot
Thunder Bot,Cooldown,1,117,100,false,reference/effective_paths/copy_of_bots_v2_2.xlsx,f329a9751b3cf7c15450e8c0f402bd989c57eea7b858b48940c38ec390b40661,2026-01-28T23:40:52.687558+00:00,DVT_Bot
Thunder Bot,Cooldown,2,114,140,false,reference/effective_paths/copy_of_bots_v2_2.xlsx,f329a9751b3cf7c15450e8c0f402bd989c57eea7b858b48940c38ec390b40661,2026-01-28T23:40:52.687558+00:00,DVT_Bot
Thunder Bot,Cooldown,3,111,180,false,reference/effective_paths/copy_of_bots_v2_2.xlsx,f329a9751b3cf7c15450e8c0f402bd989c57eea7b858b48940c38ec390b40661,2026-01-28T23:40:52.687558+00:00,DVT_Bot
Thunder Bot,Cooldown,4,108,220,false,reference/effective_paths/copy_of_bots_v2_2.xlsx,f329a9751b3cf7c15450e8c0f402bd989c57eea7b858b48940c38ec390b40661,2026-01-28T23:40:52.687558+00:00,DVT_Bot
Thunder Bot,Cooldown,5,105,260,false,reference/effective_paths/copy_of_bots_v2_2.xlsx,f329a9751b3cf7c15450e8c0f402bd989c57eea7b858b48940c38ec390b40661,2026-01-28T23:40:52.687558+00:00,DVT_Bot
Thunder Bot,Cooldown,6,102,300,false,reference/effective_paths/copy_of_bots_v2_2.xlsx,f329a9751b3cf7c15450e8c0f402bd989c57eea7b858b48940c38ec390b40661,2026-01-28T23:40:52.687558+00:00,DVT_Bot
Thunder Bot,Cooldown,7,99,340,false,reference/effective_paths/copy_of_bots_v2_2.xlsx,f329a9751b3cf7c15450e8c0f402bd989c57eea7b858b48940c38ec390b40661,2026-01-28T23:40:52.687558+00:00,DVT_Bot
Thunder Bot,Cooldown,8,96,380,false,reference/effective_paths/copy_of_bots_v2_2.xlsx,f329a9751b3cf7c15450e8c0f402bd989c57eea7b858b48940c38ec390b40661,2026-01-28T23:40:52.687558+00:00,DVT_Bot
Thunder Bot,Cooldown,9,93,420,false,reference/effective_paths/copy_of_bots_v2_2.xlsx,f329a9751b3cf7c15450e8c0f402bd989c57eea7b858b48940c38ec390b40661,2026-01-28T23:40:52.687558+00:00,DVT_Bot
Thunder Bot,Cooldown,10,90,460,false,reference/effective_paths/copy_of_bots_v2_2.xlsx,f329a9751b3cf7c15450e8c0f402bd989c57eea7b858b48940c38ec390b40661,2026-01-28T23:40:52.687558+00:00,DVT_Bot
Thunder Bot,Cooldown,11,87,500,false,reference/effective_paths/copy_of_bots_v2_2.xlsx,f329a9751b3cf7c15450e8c0f402bd989c57eea7b858b48940c38ec390b40661,2026-01-28T23:40:52.687558+00:00,DVT_Bot
Thunder Bot,Cooldown,12,84,540,false,reference/effective_paths/copy_of_bots_v2_2.xlsx,f329a9751b3cf7c15450e8c0f402bd989c57eea7b858b48940c38ec390b40661,2026-01-28T23:40:52.687558+00:00,DVT_Bot
Thunder Bot,Cooldown,13,81,580,false,reference/effective_paths/copy_of_bots_v2_2.xlsx,f329a9751b3cf7c15450e8c0f402bd989c57eea7b858b48940c38ec390b40661,2026-01-28T23:40:52.687558+00:00,DVT_Bot
Thunder Bot,Cooldown,14,78,620,false,reference/effective_paths/copy_of_bots_v2_2.xlsx,f329a9751b3cf7c15450e8c0f402bd989c57eea7b858b48940c38ec390b40661,2026-01-28T23:40:52.687558+00:00,DVT_Bot
Thunder Bot,Cooldown,15,75,660,false,reference/effective_paths/copy_of_bots_v2_2.xlsx,f329a9751b3cf7c15450e8c0f402bd989c57eea7b858b48940c38ec390b40661,2026-01-28T23:40:52.687558+00:00,DVT_Bot
Thunder Bot,Cooldown,16,75,,true,reference/effective_paths/copy_of_bots_v2_2.xlsx,f329a9751b3cf7c15450e8c0f402bd989c57eea7b858b48940c38ec390b40661,2026-01-28T23:40:52.687558+00:00,DVT_Bot
Thunder Bot,Linger,0,0.2,0,false,reference/effective_paths/copy_of_bots_v2_2.xlsx,f329a9751b3cf7c15450e8c0f402bd989c57eea7b858b48940c38ec390b40661,2026-01-28T23:40:52.687558+00:00,DVT_Bot
Thunder Bot,Linger,1,0.23,100,false,reference/effective_paths/copy_of_bots_v2_2.xlsx,f329a9751b3cf7c15450e8c0f402bd989c57eea7b858b48940c38ec390b40661,2026-01-28T23:40:52.687558+00:00,DVT_Bot
Thunder Bot,Linger,2,0.26,140,false,reference/effective_paths/copy_of_bots_v2_2.xlsx,f329a9751b3cf7c15450e8c0f402bd989c57eea7b858b48940c38ec390b40661,2026-01-28T23:40:52.687558+00:00,DVT_Bot
Thunder Bot,Linger,3,0.29,180,false,reference/effective_paths/copy_of_bots_v2_2.xlsx,f329a9751b3cf7c15450e8c0f402bd989c57eea7b858b48940c38ec390b40661,2026-01-28T23:40:52.687558+00:00,DVT_Bot
Thunder Bot,Linger,4,0.32,220,false,reference/effective_paths/copy_of_bots_v2_2.xlsx,f329a9751b3cf7c15450e8c0f402bd989c57eea7b858b48940c38ec390b40661,2026-01-28T23:40:52.687558+00:00,DVT_Bot
Thunder Bot,Linger,5,0.35,260,false,reference/effective_paths/copy_of_bots_v2_2.xlsx,f329a9751b3cf7c15450e8c0f402bd989c57eea7b858b48940c38ec390b40661,2026-01-28T23:40:52.687558+00:00,DVT_Bot
Thunder Bot,Linger,6,0.38,300,false,reference/effective_paths/copy_of_bots_v2_2.xlsx,f329a9751b3cf7c15450e8c0f402bd989c57eea7b858b48940c38ec390b40661,2026-01-28T23:40:52.687558+00:00,DVT_Bot
Thunder Bot,Linger,7,0.41,340,false,reference/effective_paths/copy_of_bots_v2_2.xlsx,f329a9751b3cf7c15450e8c0f402bd989c57eea7b858b48940c38ec390b40661,2026-01-28T23:40:52.687558+00:00,DVT_Bot
Thunder Bot,Linger,8,0.44,380,false,reference/effective_paths/copy_of_bots_v2_2.xlsx,f329a9751b3cf7c15450e8c0f402bd989c57eea7b858b48940c38ec390b40661,2026-01-28T23:40:52.687558+00:00,DVT_Bot
Thunder Bot,Linger,9,0.47,420,false,reference/effective_paths/copy_of_bots_v2_2.xlsx,f329a9751b3cf7c15450e8c0f402bd989c57eea7b858b48940c38ec390b40661,2026-01-28T23:40:52.687558+00:00,DVT_Bot
Thunder Bot,Linger,10,0.5,460,false,reference/effective_paths/copy_of_bots_v2_2.xlsx,f329a9751b3cf7c15450e8c0f402bd989c57eea7b858b48940c38ec390b40661,2026-01-28T23:40:52.687558+00:00,DVT_Bot
Thunder Bot,Linger,11,0.53,500,false,reference/effective_paths/copy_of_bots_v2_2.xlsx,f329a9751b3cf7c15450e8c0f402bd989c57eea7b858b48940c38ec390b40661,2026-01-28T23:40:52.687558+00:00,DVT_Bot
Thunder Bot,Linger,12,0.56,540,false,reference/effective_paths/copy_of_bots_v2_2.xlsx,f329a9751b3cf7c15450e8c0f402bd989c57eea7b858b48940c38ec390b40661,2026-01-28T23:40:52.687558+00:00,DVT_Bot
Thunder Bot,Linger,13,0.59,580,false,reference/effective_paths/copy_of_bots_v2_2.xlsx,f329a9751b3cf7c15450e8c0f402bd989c57eea7b858b48940c38ec390b40661,2026-01-28T23:40:52.687558+00:00,DVT_Bot
Thunder Bot,Linger,14,0.62,620,false,reference/effective_paths/copy_of_bots_v2_2.xlsx,f329a9751b3cf7c15450e8c0f402bd989c57eea7b858b48940c38ec390b40661,2026-01-28T23:40:52.687558+00:00,DVT_Bot
Thunder Bot,Linger,15,0.65,660,false,reference/effective_paths/copy_of_bots_v2_2.xlsx,f329a9751b3cf7c15450e8c0f402bd989c57eea7b858b48940c38ec390b40661,2026-01-28T23:40:52.687558+00:00,DVT_Bot
Thunder Bot,Linger,16,0.68,700,false,reference/effective_paths/copy_of_bots_v2_2.xlsx,f329a9751b3cf7c15450e8c0f402bd989c57eea7b858b48940c38ec390b40661,2026-01-28T23:40:52.687558+00:00,DVT_Bot
Thunder Bot,Linger,17,0.71,740,false,reference/effective_paths/copy_of_bots_v2_2.xlsx,f329a9751b3cf7c15450e8c0f402bd989c57eea7b858b48940c38ec390b40661,2026-01-28T23:40:52.687558+00:00,DVT_Bot
Thunder Bot,Linger,18,0.74,780,false,reference/effective_paths/copy_of_bots_v2_2.xlsx,f329a9751b3cf7c15450e8c0f402bd989c57eea7b858b48940c38ec390b40661,2026-01-28T23:40:52.687558+00:00,DVT_Bot
Thunder Bot,Linger,19,0.77,820,false,reference/effective_paths/copy_of_bots_v2_2.xlsx,f329a9751b3cf7c15450e8c0f402bd989c57eea7b858b48940c38ec390b40661,2026-01-28T23:40:52.687558+00:00,DVT_Bot
Thunder Bot,Linger,20,0.8,860,false,reference/effective_paths/copy_of_bots_v2_2.xlsx,f329a9751b3cf7c15450e8c0f402bd989c57eea7b858b48940c38ec390b40661,2026-01-28T23:40:52.687558+00:00,DVT_Bot
Thunder Bot,Linger,21,0.8,,true,reference/effective_paths/copy_of_bots_v2_2.xlsx,f329a9751b3cf7c15450e8c0f402bd989c57eea7b858b48940c38ec390b40661,2026-01-28T23:40:52.687558+00:00,DVT_Bot
Thunder Bot,Range,0,25,0,false,reference/effective_paths/copy_of_bots_v2_2.xlsx,f329a9751b3cf7c15450e8c0f402bd989c57eea7b858b48940c38ec390b40661,2026-01-28T23:40:52.687558+00:00,DVT_Bot
Thunder Bot,Range,1,28,100,false,reference/effective_paths/copy_of_bots_v2_2.xlsx,f329a9751b3cf7c15450e8c0f402bd989c57eea7b858b48940c38ec390b40661,2026-01-28T23:40:52.687558+00:00,DVT_Bot
Thunder Bot,Range,2,31,140,false,reference/effective_paths/copy_of_bots_v2_2.xlsx,f329a9751b3cf7c15450e8c0f402bd989c57eea7b858b48940c38ec390b40661,2026-01-28T23:40:52.687558+00:00,DVT_Bot
Thunder Bot,Range,3,34,180,false,reference/effective_paths/copy_of_bots_v2_2.xlsx,f329a9751b3cf7c15450e8c0f402bd989c57eea7b858b48940c38ec390b40661,2026-01-28T23:40:52.687558+00:00,DVT_Bot
Thunder Bot,Range,4,37,220,false,reference/effective_paths/copy_of_bots_v2_2.xlsx,f329a9751b3cf7c15450e8c0f402bd989c57eea7b858b48940c38ec390b40661,2026-01-28T23:40:52.687558+00:00,DVT_Bot
Thunder Bot,Range,5,40,260,false,reference/effective_paths/copy_of_bots_v2_2.xlsx,f329a9751b3cf7c15450e8c0f402bd989c57eea7b858b48940c38ec390b40661,2026-01-28T23:40:52.687558+00:00,DVT_Bot
Thunder Bot,Range,6,43,300,false,reference/effective_paths/copy_of_bots_v2_2.xlsx,f329a9751b3cf7c15450e8c0f402bd989c57eea7b858b48940c38ec390b40661,2026-01-28T23:40:52.687558+00:00,DVT_Bot
Thunder Bot,Range,7,46,340,false,reference/effective_paths/copy_of_bots_v2_2.xlsx,f329a9751b3cf7c15450e8c0f402bd989c57eea7b858b48940c38ec390b40661,2026-01-28T23:40:52.687558+00:00,DVT_Bot
Thunder Bot,Range,8,49,380,false,reference/effective_paths/copy_of_bots_v2_2.xlsx,f329a9751b3cf7c15450e8c0f402bd989c57eea7b858b48940c38ec390b40661,2026-01-28T23:40:52.687558+00:00,DVT_Bot
Thunder Bot,Range,9,52,420,false,reference/effective_paths/copy_of_bots_v2_2.xlsx,f329a9751b3cf7c15450e8c0f402bd989c57eea7b858b48940c38ec390b40661,2026-01-28T23:40:52.687558+00:00,DVT_Bot
Thunder Bot,Range,10,55,460,false,reference/effective_paths/copy_of_bots_v2_2.xlsx,f329a9751b3cf7c15450e8c0f402bd989c57eea7b858b48940c38ec390b40661,2026-01-28T23:40:52.687558+00:00,DVT_Bot
Thunder Bot,Range,11,58,500,false,reference/effective_paths/copy_of_bots_v2_2.xlsx,f329a9751b3cf7c15450e8c0f402bd989c57eea7b858b48940c38ec390b40661,2026-01-28T23:40:52.687558+00:00,DVT_Bot
Thunder Bot,Range,12,61,540,false,reference/effective_paths/copy_of_bots_v2_2.xlsx,f329a9751b3cf7c15450e8c0f402bd989c57eea7b858b48940c38ec390b40661,2026-01-28T23:40:52.687558+00:00,DVT_Bot
Thunder Bot,Range,13,64,580,false,reference/effective_paths/copy_of_bots_v2_2.xlsx,f329a9751b3cf7c15450e8c0f402bd989c57eea7b858b48940c38ec390b40661,2026-01-28T23:40:52.687558+00:00,DVT_Bot
Thunder Bot,Range,14,67,620,false,reference/effective_paths/copy_of_bots_v2_2.xlsx,f329a9751b3cf7c15450e8c0f402bd989c57eea7b858b48940c38ec390b40661,2026-01-28T23:40:52.687558+00:00,DVT_Bot
Thunder Bot,Range,15,70,660,false,reference/effective_paths/copy_of_bots_v2_2.xlsx,f329a9751b3cf7c15450e8c0f402bd989c57eea7b858b48940c38ec390b40661,2026-01-28T23:40:52.687558+00:00,DVT_Bot
Thunder Bot,Range,16,70,,true,reference/effective_paths/copy_of_bots_v2_2.xlsx,f329a9751b3cf7c15450e8c0f402bd989c57eea7b858b48940c38ec390b40661,2026-01-28T23:40:52.687558+00:00,DVT_Bot
Golden Bot,Duration,0,20,0,false,reference/effective_paths/copy_of_bots_v2_2.xlsx,f329a9751b3cf7c15450e8c0f402bd989c57eea7b858b48940c38ec390b40661,2026-01-28T23:40:52.687558+00:00,DVT_Bot
Golden Bot,Duration,1,20.5,100,false,reference/effective_paths/copy_of_bots_v2_2.xlsx,f329a9751b3cf7c15450e8c0f402bd989c57eea7b858b48940c38ec390b40661,2026-01-28T23:40:52.687558+00:00,DVT_Bot
Golden Bot,Duration,2,21,140,false,reference/effective_paths/copy_of_bots_v2_2.xlsx,f329a9751b3cf7c15450e8c0f402bd989c57eea7b858b48940c38ec390b40661,2026-01-28T23:40:52.687558+00:00,DVT_Bot
Golden Bot,Duration,3,21.5,180,false,reference/effective_paths/copy_of_bots_v2_2.xlsx,f329a9751b3cf7c15450e8c0f402bd989c57eea7b858b48940c38ec390b40661,2026-01-28T23:40:52.687558+00:00,DVT_Bot
Golden Bot,Duration,4,22,220,false,reference/effective_paths/copy_of_bots_v2_2.xlsx,f329a9751b3cf7c15450e8c0f402bd989c57eea7b858b48940c38ec390b40661,2026-01-28T23:40:52.687558+00:00,DVT_Bot
Golden Bot,Duration,5,22.5,260,false,reference/effective_paths/copy_of_bots_v2_2.xlsx,f329a9751b3cf7c15450e8c0f402bd989c57eea7b858b48940c38ec390b40661,2026-01-28T23:40:52.687558+00:00,DVT_Bot
Golden Bot,Duration,6,23,300,false,reference/effective_paths/copy_of_bots_v2_2.xlsx,f329a9751b3cf7c15450e8c0f402bd989c57eea7b858b48940c38ec390b40661,2026-01-28T23:40:52.687558+00:00,DVT_Bot
Golden Bot,Duration,7,23.5,340,false,reference/effective_paths/copy_of_bots_v2_2.xlsx,f329a9751b3cf7c15450e8c0f402bd989c57eea7b858b48940c38ec390b40661,2026-01-28T23:40:52.687558+00:00,DVT_Bot
Golden Bot,Duration,8,24,380,false,reference/effective_paths/copy_of_bots_v2_2.xlsx,f329a9751b3cf7c15450e8c0f402bd989c57eea7b858b48940c38ec390b40661,2026-01-28T23:40:52.687558+00:00,DVT_Bot
Golden Bot,Duration,9,24.5,420,false,reference/effective_paths/copy_of_bots_v2_2.xlsx,f329a9751b3cf7c15450e8c0f402bd989c57eea7b858b48940c38ec390b40661,2026-01-28T23:40:52.687558+00:00,DVT_Bot
Golden Bot,Duration,10,25,460,false,reference/effective_paths/copy_of_bots_v2_2.xlsx,f329a9751b3cf7c15450e8c0f402bd989c57eea7b858b48940c38ec390b40661,2026-01-28T23:40:52.687558+00:00,DVT_Bot
Golden Bot,Duration,11,25.5,500,false,reference/effective_paths/copy_of_bots_v2_2.xlsx,f329a9751b3cf7c15450e8c0f402bd989c57eea7b858b48940c38ec390b40661,2026-01-28T23:40:52.687558+00:00,DVT_Bot
Golden Bot,Duration,12,26,540,false,reference/effective_paths/copy_of_bots_v2_2.xlsx,f329a9751b3cf7c15450e8c0f402bd989c57eea7b858b48940c38ec390b40661,2026-01-28T23:40:52.687558+00:00,DVT_Bot
Golden Bot,Duration,13,26.5,580,false,reference/effective_paths/copy_of_bots_v2_2.xlsx,f329a9751b3cf7c15450e8c0f402bd989c57eea7b858b48940c38ec390b40661,2026-01-28T23:40:52.687558+00:00,DVT_Bot
Golden Bot,Duration,14,27,620,false,reference/effective_paths/copy_of_bots_v2_2.xlsx,f329a9751b3cf7c15450e8c0f402bd989c57eea7b858b48940c38ec390b40661,2026-01-28T23:40:52.687558+00:00,DVT_Bot
Golden Bot,Duration,15,27.5,660,false,reference/effective_paths/copy_of_bots_v2_2.xlsx,f329a9751b3cf7c15450e8c0f402bd989c57eea7b858b48940c38ec390b40661,2026-01-28T23:40:52.687558+00:00,DVT_Bot
Golden Bot,Duration,16,28,700,false,reference/effective_paths/copy_of_bots_v2_2.xlsx,f329a9751b3cf7c15450e8c0f402bd989c57eea7b858b48940c38ec390b40661,2026-01-28T23:40:52.687558+00:00,DVT_Bot
Golden Bot,Duration,17,28.5,740,false,reference/effective_paths/copy_of_bots_v2_2.xlsx,f329a9751b3cf7c15450e8c0f402bd989c57eea7b858b48940c38ec390b40661,2026-01-28T23:40:52.687558+00:00,DVT_Bot
Golden Bot,Duration,18,29,780,false,reference/effective_paths/copy_of_bots_v2_2.xlsx,f329a9751b3cf7c15450e8c0f402bd989c57eea7b858b48940c38ec390b40661,2026-01-28T23:40:52.687558+00:00,DVT_Bot
Golden Bot,Duration,19,29.5,820,false,reference/effective_paths/copy_of_bots_v2_2.xlsx,f329a9751b3cf7c15450e8c0f402bd989c57eea7b858b48940c38ec390b40661,2026-01-28T23:40:52.687558+00:00,DVT_Bot
Golden Bot,Duration,20,30,860,false,reference/effective_paths/copy_of_bots_v2_2.xlsx,f329a9751b3cf7c15450e8c0f402bd989c57eea7b858b48940c38ec390b40661,2026-01-28T23:40:52.687558+00:00,DVT_Bot
Golden Bot,Duration,21,30.5,900,false,reference/effective_paths/copy_of_bots_v2_2.xlsx,f329a9751b3cf7c15450e8c0f402bd989c57eea7b858b48940c38ec390b40661,2026-01-28T23:40:52.687558+00:00,DVT_Bot
Golden Bot,Duration,22,31,940,false,reference/effective_paths/copy_of_bots_v2_2.xlsx,f329a9751b3cf7c15450e8c0f402bd989c57eea7b858b48940c38ec390b40661,2026-01-28T23:40:52.687558+00:00,DVT_Bot
Golden Bot,Duration,23,31.5,980,false,reference/effective_paths/copy_of_bots_v2_2.xlsx,f329a9751b3cf7c15450e8c0f402bd989c57eea7b858b48940c38ec390b40661,2026-01-28T23:40:52.687558+00:00,DVT_Bot
Golden Bot,Duration,24,32,1020,false,reference/effective_paths/copy_of_bots_v2_2.xlsx,f329a9751b3cf7c15450e8c0f402bd989c57eea7b858b48940c38ec390b40661,2026-01-28T23:40:52.687558+00:00,DVT_Bot
Golden Bot,Duration,25,32.5,1060,false,reference/effective_paths/copy_of_bots_v2_2.xlsx,f329a9751b3cf7c15450e8c0f402bd989c57eea7b858b48940c38ec390b40661,2026-01-28T23:40:52.687558+00:00,DVT_Bot
Golden Bot,Duration,26,33,1100,false,reference/effective_paths/copy_of_bots_v2_2.xlsx,f329a9751b3cf7c15450e8c0f402bd989c57eea7b858b48940c38ec390b40661,2026-01-28T23:40:52.687558+00:00,DVT_Bot
Golden Bot,Duration,27,33.5,1140,false,reference/effective_paths/copy_of_bots_v2_2.xlsx,f329a9751b3cf7c15450e8c0f402bd989c57eea7b858b48940c38ec390b40661,2026-01-28T23:40:52.687558+00:00,DVT_Bot
Golden Bot,Duration,28,34,1180,false,reference/effective_paths/copy_of_bots_v2_2.xlsx,f329a9751b3cf7c15450e8c0f402bd989c57eea7b858b48940c38ec390b40661,2026-01-28T23:40:52.687558+00:00,DVT_Bot
Golden Bot,Duration,29,34.5,1220,false,reference/effective_paths/copy_of_bots_v2_2.xlsx,f329a9751b3cf7c15450e8c0f402bd989c57eea7b858b48940c38ec390b40661,2026-01-28T23:40:52.687558+00:00,DVT_Bot
Golden Bot,Duration,30,35,1260,false,reference/effective_paths/copy_of_bots_v2_2.xlsx,f329a9751b3cf7c15450e8c0f402bd989c57eea7b858b48940c38ec390b40661,2026-01-28T23:40:52.687558+00:00,DVT_Bot
Golden Bot,Duration,31,35,,true,reference/effective_paths/copy_of_bots_v2_2.xlsx,f329a9751b3cf7c15450e8c0f402bd989c57eea7b858b48940c38ec390b40661,2026-01-28T23:40:52.687558+00:00,DVT_Bot
Golden Bot,Cooldown,0,120,0,false,reference/effective_paths/copy_of_bots_v2_2.xlsx,f329a9751b3cf7c15450e8c0f402bd989c57eea7b858b48940c38ec390b40661,2026-01-28T23:40:52.687558+00:00,DVT_Bot
Golden Bot,Cooldown,1,117,100,false,reference/effective_paths/copy_of_bots_v2_2.xlsx,f329a9751b3cf7c15450e8c0f402bd989c57eea7b858b48940c38ec390b40661,2026-01-28T23:40:52.687558+00:00,DVT_Bot
Golden Bot,Cooldown,2,114,140,false,reference/effective_paths/copy_of_bots_v2_2.xlsx,f329a9751b3cf7c15450e8c0f402bd989c57eea7b858b48940c38ec390b40661,2026-01-28T23:40:52.687558+00:00,DVT_Bot
Golden Bot,Cooldown,3,111,180,false,reference/effective_paths/copy_of_bots_v2_2.xlsx,f329a9751b3cf7c15450e8c0f402bd989c57eea7b858b48940c38ec390b40661,2026-01-28T23:40:52.687558+00:00,DVT_Bot
Golden Bot,Cooldown,4,108,220,false,reference/effective_paths/copy_of_bots_v2_2.xlsx,f329a9751b3cf7c15450e8c0f402bd989c57eea7b858b48940c38ec390b40661,2026-01-28T23:40:52.687558+00:00,DVT_Bot
Golden Bot,Cooldown,5,105,260,false,reference/effective_paths/copy_of_bots_v2_2.xlsx,f329a9751b3cf7c15450e8c0f402bd989c57eea7b858b48940c38ec390b40661,2026-01-28T23:40:52.687558+00:00,DVT_Bot
Golden Bot,Cooldown,6,102,300,false,reference/effective_paths/copy_of_bots_v2_2.xlsx,f329a9751b3cf7c15450e8c0f402bd989c57eea7b858b48940c38ec390b40661,2026-01-28T23:40:52.687558+00:00,DVT_Bot
Golden Bot,Cooldown,7,99,340,false,reference/effective_paths/copy_of_bots_v2_2.xlsx,f329a9751b3cf7c15450e8c0f402bd989c57eea7b858b48940c38ec390b40661,2026-01-28T23:40:52.687558+00:00,DVT_Bot
Golden Bot,Cooldown,8,96,380,false,reference/effective_paths/copy_of_bots_v2_2.xlsx,f329a9751b3cf7c15450e8c0f402bd989c57eea7b858b48940c38ec390b40661,2026-01-28T23:40:52.687558+00:00,DVT_Bot
Golden Bot,Cooldown,9,93,420,false,reference/effective_paths/copy_of_bots_v2_2.xlsx,f329a9751b3cf7c15450e8c0f402bd989c57eea7b858b48940c38ec390b40661,2026-01-28T23:40:52.687558+00:00,DVT_Bot
Golden Bot,Cooldown,10,90,460,false,reference/effective_paths/copy_of_bots_v2_2.xlsx,f329a9751b3cf7c15450e8c0f402bd989c57eea7b858b48940c38ec390b40661,2026-01-28T23:40:52.687558+00:00,DVT_Bot
Golden Bot,Cooldown,11,87,500,false,reference/effective_paths/copy_of_bots_v2_2.xlsx,f329a9751b3cf7c15450e8c0f402bd989c57eea7b858b48940c38ec390b40661,2026-01-28T23:40:52.687558+00:00,DVT_Bot
Golden Bot,Cooldown,12,84,540,false,reference/effective_paths/copy_of_bots_v2_2.xlsx,f329a9751b3cf7c15450e8c0f402bd989c57eea7b858b48940c38ec390b40661,2026-01-28T23:40:52.687558+00:00,DVT_Bot
Golden Bot,Cooldown,13,81,580,false,reference/effective_paths/copy_of_bots_v2_2.xlsx,f329a9751b3cf7c15450e8c0f402bd989c57eea7b858b48940c38ec390b40661,2026-01-28T23:40:52.687558+00:00,DVT_Bot
Golden Bot,Cooldown,14,78,620,false,reference/effective_paths/copy_of_bots_v2_2.xlsx,f329a9751b3cf7c15450e8c0f402bd989c57eea7b858b48940c38ec390b40661,2026-01-28T23:40:52.687558+00:00,DVT_Bot
Golden Bot,Cooldown,15,75,660,false,reference/effective_paths/copy_of_bots_v2_2.xlsx,f329a9751b3cf7c15450e8c0f402bd989c57eea7b858b48940c38ec390b40661,2026-01-28T23:40:52.687558+00:00,DVT_Bot
Golden Bot,Cooldown,16,75,,true,reference/effective_paths/copy_of_bots_v2_2.xlsx,f329a9751b3cf7c15450e8c0f402bd989c57eea7b858b48940c38ec390b40661,2026-01-28T23:40:52.687558+00:00,DVT_Bot
Golden Bot,Bonus,0,2,0,false,reference/effective_paths/copy_of_bots_v2_2.xlsx,f329a9751b3cf7c15450e8c0f402bd989c57eea7b858b48940c38ec390b40661,2026-01-28T23:40:52.687558+00:00,DVT_Bot
Golden Bot,Bonus,1,2.2,100,false,reference/effective_paths/copy_of_bots_v2_2.xlsx,f329a9751b3cf7c15450e8c0f402bd989c57eea7b858b48940c38ec390b40661,2026-01-28T23:40:52.687558+00:00,DVT_Bot
Golden Bot,Bonus,2,2.4,140,false,reference/effective_paths/copy_of_bots_v2_2.xlsx,f329a9751b3cf7c15450e8c0f402bd989c57eea7b858b48940c38ec390b40661,2026-01-28T23:40:52.687558+00:00,DVT_Bot
Golden Bot,Bonus,3,2.6,180,false,reference/effective_paths/copy_of_bots_v2_2.xlsx,f329a9751b3cf7c15450e8c0f402bd989c57eea7b858b48940c38ec390b40661,2026-01-28T23:40:52.687558+00:00,DVT_Bot
Golden Bot,Bonus,4,2.8,220,false,reference/effective_paths/copy_of_bots_v2_2.xlsx,f329a9751b3cf7c15450e8c0f402bd989c57eea7b858b48940c38ec390b40661,2026-01-28T23:40:52.687558+00:00,DVT_Bot
Golden Bot,Bonus,5,3,260,false,reference/effective_paths/copy_of_bots_v2_2.xlsx,f329a9751b3cf7c15450e8c0f402bd989c57eea7b858b48940c38ec390b40661,2026-01-28T23:40:52.687558+00:00,DVT_Bot
Golden Bot,Bonus,6,3.2,300,false,reference/effective_paths/copy_of_bots_v2_2.xlsx,f329a9751b3cf7c15450e8c0f402bd989c57eea7b858b48940c38ec390b40661,2026-01-28T23:40:52.687558+00:00,DVT_Bot
Golden Bot,Bonus,7,3.4,340,false,reference/effective_paths/copy_of_bots_v2_2.xlsx,f329a9751b3cf7c15450e8c0f402bd989c57eea7b858b48940c38ec390b40661,2026-01-28T23:40:52.687558+00:00,DVT_Bot
Golden Bot,Bonus,8,3.6,380,false,reference/effective_paths/copy_of_bots_v2_2.xlsx,f329a9751b3cf7c15450e8c0f402bd989c57eea7b858b48940c38ec390b40661,2026-01-28T23:40:52.687558+00:00,DVT_Bot
Golden Bot,Bonus,9,3.8,420,false,reference/effective_paths/copy_of_bots_v2_2.xlsx,f329a9751b3cf7c15450e8c0f402bd989c57eea7b858b48940c38ec390b40661,2026-01-28T23:40:52.687558+00:00,DVT_Bot
Golden Bot,Bonus,10,4,460,false,reference/effective_paths/copy_of_bots_v2_2.xlsx,f329a9751b3cf7c15450e8c0f402bd989c57eea7b858b48940c38ec390b40661,2026-01-28T23:40:52.687558+00:00,DVT_Bot
Golden Bot,Bonus,11,4.2,500,false,reference/effective_paths/copy_of_bots_v2_2.xlsx,f329a9751b3cf7c15450e8c0f402bd989c57eea7b858b48940c38ec390b40661,2026-01-28T23:40:52.687558+00:00,DVT_Bot
Golden Bot,Bonus,12,4.4,540,false,reference/effective_paths/copy_of_bots_v2_2.xlsx,f329a9751b3cf7c15450e8c0f402bd989c57eea7b858b48940c38ec390b40661,2026-01-28T23:40:52.687558+00:00,DVT_Bot
Golden Bot,Bonus,13,4.6,580,false,reference/effective_paths/copy_of_bots_v2_2.xlsx,f329a9751b3cf7c15450e8c0f402bd989c57eea7b858b48940c38ec390b40661,2026-01-28T23:40:52.687558+00:00,DVT_Bot
Golden Bot,Bonus,14,4.8,620,false,reference/effective_paths/copy_of_bots_v2_2.xlsx,f329a9751b3cf7c15450e8c0f402bd989c57eea7b858b48940c38ec390b40661,2026-01-28T23:40:52.687558+00:00,DVT_Bot
Golden Bot,Bonus,15,5,660,false,reference/effective_paths/copy_of_bots_v2_2.xlsx,f329a9751b3cf7c15450e8c0f402bd989c57eea7b858b48940c38ec390b40661,2026-01-28T23:40:52.687558+00:00,DVT_Bot
Golden Bot,Bonus,16,5.2,700,false,reference/effective_paths/copy_of_bots_v2_2.xlsx,f329a9751b3cf7c15450e8c0f402bd989c57eea7b858b48940c38ec390b40661,2026-01-28T23:40:52.687558+00:00,DVT_Bot
Golden Bot,Bonus,17,5.4,740,false,reference/effective_paths/copy_of_bots_v2_2.xlsx,f329a9751b3cf7c15450e8c0f402bd989c57eea7b858b48940c38ec390b40661,2026-01-28T23:40:52.687558+00:00,DVT_Bot
Golden Bot,Bonus,18,5.6,780,false,reference/effective_paths/copy_of_bots_v2_2.xlsx,f329a9751b3cf7c15450e8c0f402bd989c57eea7b858b48940c38ec390b40661,2026-01-28T23:40:52.687558+00:00,DVT_Bot
Golden Bot,Bonus,19,5.8,820,false,reference/effective_paths/copy_of_bots_v2_2.xlsx,f329a9751b3cf7c15450e8c0f402bd989c57eea7b858b48940c38ec390b40661,2026-01-28T23:40:52.687558+00:00,DVT_Bot
Golden Bot,Bonus,20,6,860,false,reference/effective_paths/copy_of_bots_v2_2.xlsx,f329a9751b3cf7c15450e8c0f402bd989c57eea7b858b48940c38ec390b40661,2026-01-28T23:40:52.687558+00:00,DVT_Bot
Golden Bot,Bonus,21,6.2,900,false,reference/effective_paths/copy_of_bots_v2_2.xlsx,f329a9751b3cf7c15450e8c0f402bd989c57eea7b858b48940c38ec390b40661,2026-01-28T23:40:52.687558+00:00,DVT_Bot
Golden Bot,Bonus,22,6.4,940,false,reference/effective_paths/copy_of_bots_v2_2.xlsx,f329a9751b3cf7c15450e8c0f402bd989c57eea7b858b48940c38ec390b40661,2026-01-28T23:40:52.687558+00:00,DVT_Bot
Golden Bot,Bonus,23,6.6,980,false,reference/effective_paths/copy_of_bots_v2_2.xlsx,f329a9751b3cf7c15450e8c0f402bd989c57eea7b858b48940c38ec390b40661,2026-01-28T23:40:52.687558+00:00,DVT_Bot
Golden Bot,Bonus,24,6.8,1020,false,reference/effective_paths/copy_of_bots_v2_2.xlsx,f329a9751b3cf7c15450e8c0f402bd989c57eea7b858b48940c38ec390b40661,2026-01-28T23:40:52.687558+00:00,DVT_Bot
Golden Bot,Bonus,25,7,1060,false,reference/effective_paths/copy_of_bots_v2_2.xlsx,f329a9751b3cf7c15450e8c0f402bd989c57eea7b858b48940c38ec390b40661,2026-01-28T23:40:52.687558+00:00,DVT_Bot
Golden Bot,Bonus,26,7.2,1100,false,reference/effective_paths/copy_of_bots_v2_2.xlsx,f329a9751b3cf7c15450e8c0f402bd989c57eea7b858b48940c38ec390b40661,2026-01-28T23:40:52.687558+00:00,DVT_Bot
Golden Bot,Bonus,27,7.4,1140,false,reference/effective_paths/copy_of_bots_v2_2.xlsx,f329a9751b3cf7c15450e8c0f402bd989c57eea7b858b48940c38ec390b40661,2026-01-28T23:40:52.687558+00:00,DVT_Bot
Golden Bot,Bonus,28,7.6,1180,false,reference/effective_paths/copy_of_bots_v2_2.xlsx,f329a9751b3cf7c15450e8c0f402bd989c57eea7b858b48940c38ec390b40661,2026-01-28T23:40:52.687558+00:00,DVT_Bot
Golden Bot,Bonus,29,7.8,1220,false,reference/effective_paths/copy_of_bots_v2_2.xlsx,f329a9751b3cf7c15450e8c0f402bd989c57eea7b858b48940c38ec390b40661,2026-01-28T23:40:52.687558+00:00,DVT_Bot
Golden Bot,Bonus,30,8,1260,false,reference/effective_paths/copy_of_bots_v2_2.xlsx,f329a9751b3cf7c15450e8c0f402bd989c57eea7b858b48940c38ec390b40661,2026-01-28T23:40:52.687558+00:00,DVT_Bot
Golden Bot,Bonus,31,8,,true,reference/effective_paths/copy_of_bots_v2_2.xlsx,f329a9751b3cf7c15450e8c0f402bd989c57eea7b858b48940c38ec390b40661,2026-01-28T23:40:52.687558+00:00,DVT_Bot
Golden Bot,Range,0,20,0,false,reference/effective_paths/copy_of_bots_v2_2.xlsx,f329a9751b3cf7c15450e8c0f402bd989c57eea7b858b48940c38ec390b40661,2026-01-28T23:40:52.687558+00:00,DVT_Bot
Golden Bot,Range,1,22,100,false,reference/effective_paths/copy_of_bots_v2_2.xlsx,f329a9751b3cf7c15450e8c0f402bd989c57eea7b858b48940c38ec390b40661,2026-01-28T23:40:52.687558+00:00,DVT_Bot
Golden Bot,Range,2,24,140,false,reference/effective_paths/copy_of_bots_v2_2.xlsx,f329a9751b3cf7c15450e8c0f402bd989c57eea7b858b48940c38ec390b40661,2026-01-28T23:40:52.687558+00:00,DVT_Bot
Golden Bot,Range,3,26,180,false,reference/effective_paths/copy_of_bots_v2_2.xlsx,f329a9751b3cf7c15450e8c0f402bd989c57eea7b858b48940c38ec390b40661,2026-01-28T23:40:52.687558+00:00,DVT_Bot
Golden Bot,Range,4,28,220,false,reference/effective_paths/copy_of_bots_v2_2.xlsx,f329a9751b3cf7c15450e8c0f402bd989c57eea7b858b48940c38ec390b40661,2026-01-28T23:40:52.687558+00:00,DVT_Bot
Golden Bot,Range,5,30,260,false,reference/effective_paths/copy_of_bots_v2_2.xlsx,f329a9751b3cf7c15450e8c0f402bd989c57eea7b858b48940c38ec390b40661,2026-01-28T23:40:52.687558+00:00,DVT_Bot
Golden Bot,Range,6,32,300,false,reference/effective_paths/copy_of_bots_v2_2.xlsx,f329a9751b3cf7c15450e8c0f402bd989c57eea7b858b48940c38ec390b40661,2026-01-28T23:40:52.687558+00:00,DVT_Bot
Golden Bot,Range,7,34,340,false,reference/effective_paths/copy_of_bots_v2_2.xlsx,f329a9751b3cf7c15450e8c0f402bd989c57eea7b858b48940c38ec390b40661,2026-01-28T23:40:52.687558+00:00,DVT_Bot
Golden Bot,Range,8,36,380,false,reference/effective_paths/copy_of_bots_v2_2.xlsx,f329a9751b3cf7c15450e8c0f402bd989c57eea7b858b48940c38ec390b40661,2026-01-28T23:40:52.687558+00:00,DVT_Bot
Golden Bot,Range,9,38,420,false,reference/effective_paths/copy_of_bots_v2_2.xlsx,f329a9751b3cf7c15450e8c0f402bd989c57eea7b858b48940c38ec390b40661,2026-01-28T23:40:52.687558+00:00,DVT_Bot
Golden Bot,Range,10,40,460,false,reference/effective_paths/copy_of_bots_v2_2.xlsx,f329a9751b3cf7c15450e8c0f402bd989c57eea7b858b48940c38ec390b40661,2026-01-28T23:40:52.687558+00:00,DVT_Bot
Golden Bot,Range,11,42,500,false,reference/effective_paths/copy_of_bots_v2_2.xlsx,f329a9751b3cf7c15450e8c0f402bd989c57eea7b858b48940c38ec390b40661,2026-01-28T23:40:52.687558+00:00,DVT_Bot
Golden Bot,Range,12,44,540,false,reference/effective_paths/copy_of_bots_v2_2.xlsx,f329a9751b3cf7c15450e8c0f402bd989c57eea7b858b48940c38ec390b40661,2026-01-28T23:40:52.687558+00:00,DVT_Bot
Golden Bot,Range,13,46,580,false,reference/effective_paths/copy_of_bots_v2_2.xlsx,f329a9751b3cf7c15450e8c0f402bd989c57eea7b858b48940c38ec390b40661,2026-01-28T23:40:52.687558+00:00,DVT_Bot
Golden Bot,Range,14,48,620,false,reference/effective_paths/copy_of_bots_v2_2.xlsx,f329a9751b3cf7c15450e8c0f402bd989c57eea7b858b48940c38ec390b40661,2026-01-28T23:40:52.687558+00:00,DVT_Bot
Golden Bot,Range,15,50,660,false,reference/effective_paths/copy_of_bots_v2_2.xlsx,f329a9751b3cf7c15450e8c0f402bd989c57eea7b858b48940c38ec390b40661,2026-01-28T23:40:52.687558+00:00,DVT_Bot
Golden Bot,Range,16,50,,true,reference/effective_paths/copy_of_bots_v2_2.xlsx,f329a9751b3cf7c15450e8c0f402bd989c57eea7b858b48940c38ec390b40661,2026-01-28T23:40:52.687558+00:00,DVT_Bot
Amplify Bot,Duration,0,20,0,false,reference/effective_paths/copy_of_bots_v2_2.xlsx,f329a9751b3cf7c15450e8c0f402bd989c57eea7b858b48940c38ec390b40661,2026-01-28T23:40:52.687558+00:00,DVT_Bot
Amplify Bot,Duration,1,20.5,100,false,reference/effective_paths/copy_of_bots_v2_2.xlsx,f329a9751b3cf7c15450e8c0f402bd989c57eea7b858b48940c38ec390b40661,2026-01-28T23:40:52.687558+00:00,DVT_Bot
Amplify Bot,Duration,2,21,140,false,reference/effective_paths/copy_of_bots_v2_2.xlsx,f329a9751b3cf7c15450e8c0f402bd989c57eea7b858b48940c38ec390b40661,2026-01-28T23:40:52.687558+00:00,DVT_Bot
Amplify Bot,Duration,3,21.5,180,false,reference/effective_paths/copy_of_bots_v2_2.xlsx,f329a9751b3cf7c15450e8c0f402bd989c57eea7b858b48940c38ec390b40661,2026-01-28T23:40:52.687558+00:00,DVT_Bot
Amplify Bot,Duration,4,22,220,false,reference/effective_paths/copy_of_bots_v2_2.xlsx,f329a9751b3cf7c15450e8c0f402bd989c57eea7b858b48940c38ec390b40661,2026-01-28T23:40:52.687558+00:00,DVT_Bot
Amplify Bot,Duration,5,22.5,260,false,reference/effective_paths/copy_of_bots_v2_2.xlsx,f329a9751b3cf7c15450e8c0f402bd989c57eea7b858b48940c38ec390b40661,2026-01-28T23:40:52.687558+00:00,DVT_Bot
Amplify Bot,Duration,6,23,300,false,reference/effective_paths/copy_of_bots_v2_2.xlsx,f329a9751b3cf7c15450e8c0f402bd989c57eea7b858b48940c38ec390b40661,2026-01-28T23:40:52.687558+00:00,DVT_Bot
Amplify Bot,Duration,7,23.5,340,false,reference/effective_paths/copy_of_bots_v2_2.xlsx,f329a9751b3cf7c15450e8c0f402bd989c57eea7b858b48940c38ec390b40661,2026-01-28T23:40:52.687558+00:00,DVT_Bot
Amplify Bot,Duration,8,24,380,false,reference/effective_paths/copy_of_bots_v2_2.xlsx,f329a9751b3cf7c15450e8c0f402bd989c57eea7b858b48940c38ec390b40661,2026-01-28T23:40:52.687558+00:00,DVT_Bot
Amplify Bot,Duration,9,24.5,420,false,reference/effective_paths/copy_of_bots_v2_2.xlsx,f329a9751b3cf7c15450e8c0f402bd989c57eea7b858b48940c38ec390b40661,2026-01-28T23:40:52.687558+00:00,DVT_Bot
Amplify Bot,Duration,10,25,460,false,reference/effective_paths/copy_of_bots_v2_2.xlsx,f329a9751b3cf7c15450e8c0f402bd989c57eea7b858b48940c38ec390b40661,2026-01-28T23:40:52.687558+00:00,DVT_Bot
Amplify Bot,Duration,11,25.5,500,false,reference/effective_paths/copy_of_bots_v2_2.xlsx,f329a9751b3cf7c15450e8c0f402bd989c57eea7b858b48940c38ec390b40661,2026-01-28T23:40:52.687558+00:00,DVT_Bot
Amplify Bot,Duration,12,26,540,false,reference/effective_paths/copy_of_bots_v2_2.xlsx,f329a9751b3cf7c15450e8c0f402bd989c57eea7b858b48940c38ec390b40661,2026-01-28T23:40:52.687558+00:00,DVT_Bot
Amplify Bot,Duration,13,26.5,580,false,reference/effective_paths/copy_of_bots_v2_2.xlsx,f329a9751b3cf7c15450e8c0f402bd989c57eea7b858b48940c38ec390b40661,2026-01-28T23:40:52.687558+00:00,DVT_Bot
Amplify Bot,Duration,14,27,620,false,reference/effective_paths/copy_of_bots_v2_2.xlsx,f329a9751b3cf7c15450e8c0f402bd989c57eea7b858b48940c38ec390b40661,2026-01-28T23:40:52.687558+00:00,DVT_Bot
Amplify Bot,Duration,15,27.5,660,false,reference/effective_paths/copy_of_bots_v2_2.xlsx,f329a9751b3cf7c15450e8c0f402bd989c57eea7b858b48940c38ec390b40661,2026-01-28T23:40:52.687558+00:00,DVT_Bot
Amplify Bot,Duration,16,28,700,false,reference/effective_paths/copy_of_bots_v2_2.xlsx,f329a9751b3cf7c15450e8c0f402bd989c57eea7b858b48940c38ec390b40661,2026-01-28T23:40:52.687558+00:00,DVT_Bot
Amplify Bot,Duration,17,28.5,740,false,reference/effective_paths/copy_of_bots_v2_2.xlsx,f329a9751b3cf7c15450e8c0f402bd989c57eea7b858b48940c38ec390b40661,2026-01-28T23:40:52.687558+00:00,DVT_Bot
Amplify Bot,Duration,18,29,780,false,reference/effective_paths/copy_of_bots_v2_2.xlsx,f329a9751b3cf7c15450e8c0f402bd989c57eea7b858b48940c38ec390b40661,2026-01-28T23:40:52.687558+00:00,DVT_Bot
Amplify Bot,Duration,19,29.5,820,false,reference/effective_paths/copy_of_bots_v2_2.xlsx,f329a9751b3cf7c15450e8c0f402bd989c57eea7b858b48940c38ec390b40661,2026-01-28T23:40:52.687558+00:00,DVT_Bot
Amplify Bot,Duration,20,30,860,false,reference/effective_paths/copy_of_bots_v2_2.xlsx,f329a9751b3cf7c15450e8c0f402bd989c57eea7b858b48940c38ec390b40661,2026-01-28T23:40:52.687558+00:00,DVT_Bot
Amplify Bot,Duration,21,30.5,900,false,reference/effective_paths/copy_of_bots_v2_2.xlsx,f329a9751b3cf7c15450e8c0f402bd989c57eea7b858b48940c38ec390b40661,2026-01-28T23:40:52.687558+00:00,DVT_Bot
Amplify Bot,Duration,22,31,940,false,reference/effective_paths/copy_of_bots_v2_2.xlsx,f329a9751b3cf7c15450e8c0f402bd989c57eea7b858b48940c38ec390b40661,2026-01-28T23:40:52.687558+00:00,DVT_Bot
Amplify Bot,Duration,23,31.5,980,false,reference/effective_paths/copy_of_bots_v2_2.xlsx,f329a9751b3cf7c15450e8c0f402bd989c57eea7b858b48940c38ec390b40661,2026-01-28T23:40:52.687558+00:00,DVT_Bot
Amplify Bot,Duration,24,32,1020,false,reference/effective_paths/copy_of_bots_v2_2.xlsx,f329a9751b3cf7c15450e8c0f402bd989c57eea7b858b48940c38ec390b40661,2026-01-28T23:40:52.687558+00:00,DVT_Bot
Amplify Bot,Duration,25,32.5,1060,false,reference/effective_paths/copy_of_bots_v2_2.xlsx,f329a9751b3cf7c15450e8c0f402bd989c57eea7b858b48940c38ec390b40661,2026-01-28T23:40:52.687558+00:00,DVT_Bot
Amplify Bot,Duration,26,33,1100,false,reference/effective_paths/copy_of_bots_v2_2.xlsx,f329a9751b3cf7c15450e8c0f402bd989c57eea7b858b48940c38ec390b40661,2026-01-28T23:40:52.687558+00:00,DVT_Bot
Amplify Bot,Duration,27,33.5,1140,false,reference/effective_paths/copy_of_bots_v2_2.xlsx,f329a9751b3cf7c15450e8c0f402bd989c57eea7b858b48940c38ec390b40661,2026-01-28T23:40:52.687558+00:00,DVT_Bot
Amplify Bot,Duration,28,34,1180,false,reference/effective_paths/copy_of_bots_v2_2.xlsx,f329a9751b3cf7c15450e8c0f402bd989c57eea7b858b48940c38ec390b40661,2026-01-28T23:40:52.687558+00:00,DVT_Bot
Amplify Bot,Duration,29,34.5,1220,false,reference/effective_paths/copy_of_bots_v2_2.xlsx,f329a9751b3cf7c15450e8c0f402bd989c57eea7b858b48940c38ec390b40661,2026-01-28T23:40:52.687558+00:00,DVT_Bot
Amplify Bot,Duration,30,35,1260,false,reference/effective_paths/copy_of_bots_v2_2.xlsx,f329a9751b3cf7c15450e8c0f402bd989c57eea7b858b48940c38ec390b40661,2026-01-28T23:40:52.687558+00:00,DVT_Bot
Amplify Bot,Duration,31,35,,true,reference/effective_paths/copy_of_bots_v2_2.xlsx,f329a9751b3cf7c15450e8c0f402bd989c57eea7b858b48940c38ec390b40661,2026-01-28T23:40:52.687558+00:00,DVT_Bot
Amplify Bot,Cooldown,0,120,0,false,reference/effective_paths/copy_of_bots_v2_2.xlsx,f329a9751b3cf7c15450e8c0f402bd989c57eea7b858b48940c38ec390b40661,2026-01-28T23:40:52.687558+00:00,DVT_Bot
Amplify Bot,Cooldown,1,117,100,false,reference/effective_paths/copy_of_bots_v2_2.xlsx,f329a9751b3cf7c15450e8c0f402bd989c57eea7b858b48940c38ec390b40661,2026-01-28T23:40:52.687558+00:00,DVT_Bot
Amplify Bot,Cooldown,2,114,140,false,reference/effective_paths/copy_of_bots_v2_2.xlsx,f329a9751b3cf7c15450e8c0f402bd989c57eea7b858b48940c38ec390b40661,2026-01-28T23:40:52.687558+00:00,DVT_Bot
Amplify Bot,Cooldown,3,111,180,false,reference/effective_paths/copy_of_bots_v2_2.xlsx,f329a9751b3cf7c15450e8c0f402bd989c57eea7b858b48940c38ec390b40661,2026-01-28T23:40:52.687558+00:00,DVT_Bot
Amplify Bot,Cooldown,4,108,220,false,reference/effective_paths/copy_of_bots_v2_2.xlsx,f329a9751b3cf7c15450e8c0f402bd989c57eea7b858b48940c38ec390b40661,2026-01-28T23:40:52.687558+00:00,DVT_Bot
Amplify Bot,Cooldown,5,105,260,false,reference/effective_paths/copy_of_bots_v2_2.xlsx,f329a9751b3cf7c15450e8c0f402bd989c57eea7b858b48940c38ec390b40661,2026-01-28T23:40:52.687558+00:00,DVT_Bot
Amplify Bot,Cooldown,6,102,300,false,reference/effective_paths/copy_of_bots_v2_2.xlsx,f329a9751b3cf7c15450e8c0f402bd989c57eea7b858b48940c38ec390b40661,2026-01-28T23:40:52.687558+00:00,DVT_Bot
Amplify Bot,Cooldown,7,99,340,false,reference/effective_paths/copy_of_bots_v2_2.xlsx,f329a9751b3cf7c15450e8c0f402bd989c57eea7b858b48940c38ec390b40661,2026-01-28T23:40:52.687558+00:00,DVT_Bot
Amplify Bot,Cooldown,8,96,380,false,reference/effective_paths/copy_of_bots_v2_2.xlsx,f329a9751b3cf7c15450e8c0f402bd989c57eea7b858b48940c38ec390b40661,2026-01-28T23:40:52.687558+00:00,DVT_Bot
Amplify Bot,Cooldown,9,93,420,false,reference/effective_paths/copy_of_bots_v2_2.xlsx,f329a9751b3cf7c15450e8c0f402bd989c57eea7b858b48940c38ec390b40661,2026-01-28T23:40:52.687558+00:00,DVT_Bot
Amplify Bot,Cooldown,10,90,460,false,reference/effective_paths/copy_of_bots_v2_2.xlsx,f329a9751b3cf7c15450e8c0f402bd989c57eea7b858b48940c38ec390b40661,2026-01-28T23:40:52.687558+00:00,DVT_Bot
Amplify Bot,Cooldown,11,87,500,false,reference/effective_paths/copy_of_bots_v2_2.xlsx,f329a9751b3cf7c15450e8c0f402bd989c57eea7b858b48940c38ec390b40661,2026-01-28T23:40:52.687558+00:00,DVT_Bot
Amplify Bot,Cooldown,12,84,540,false,reference/effective_paths/copy_of_bots_v2_2.xlsx,f329a9751b3cf7c15450e8c0f402bd989c57eea7b858b48940c38ec390b40661,2026-01-28T23:40:52.687558+00:00,DVT_Bot
Amplify Bot,Cooldown,13,81,580,false,reference/effective_paths/copy_of_bots_v2_2.xlsx,f329a9751b3cf7c15450e8c0f402bd989c57eea7b858b48940c38ec390b40661,2026-01-28T23:40:52.687558+00:00,DVT_Bot
Amplify Bot,Cooldown,14,78,620,false,reference/effective_paths/copy_of_bots_v2_2.xlsx,f329a9751b3cf7c15450e8c0f402bd989c57eea7b858b48940c38ec390b40661,2026-01-28T23:40:52.687558+00:00,DVT_Bot
Amplify Bot,Cooldown,15,75,660,false,reference/effective_paths/copy_of_bots_v2_2.xlsx,f329a9751b3cf7c15450e8c0f402bd989c57eea7b858b48940c38ec390b40661,2026-01-28T23:40:52.687558+00:00,DVT_Bot
Amplify Bot,Cooldown,16,75,,true,reference/effective_paths/copy_of_bots_v2_2.xlsx,f329a9751b3cf7c15450e8c0f402bd989c57eea7b858b48940c38ec390b40661,2026-01-28T23:40:52.687558+00:00,DVT_Bot
Amplify Bot,Bonus,0,3.5,0,false,reference/effective_paths/copy_of_bots_v2_2.xlsx,f329a9751b3cf7c15450e8c0f402bd989c57eea7b858b48940c38ec390b40661,2026-01-28T23:40:52.687558+00:00,DVT_Bot
Amplify Bot,Bonus,1,3.9,100,false,reference/effective_paths/copy_of_bots_v2_2.xlsx,f329a9751b3cf7c15450e8c0f402bd989c57eea7b858b48940c38ec390b40661,2026-01-28T23:40:52.687558+00:00,DVT_Bot
Amplify Bot,Bonus,2,4.3,140,false,reference/effective_paths/copy_of_bots_v2_2.xlsx,f329a9751b3cf7c15450e8c0f402bd989c57eea7b858b48940c38ec390b40661,2026-01-28T23:40:52.687558+00:00,DVT_Bot
Amplify Bot,Bonus,3,4.7,180,false,reference/effective_paths/copy_of_bots_v2_2.xlsx,f329a9751b3cf7c15450e8c0f402bd989c57eea7b858b48940c38ec390b40661,2026-01-28T23:40:52.687558+00:00,DVT_Bot
Amplify Bot,Bonus,4,5.1,220,false,reference/effective_paths/copy_of_bots_v2_2.xlsx,f329a9751b3cf7c15450e8c0f402bd989c57eea7b858b48940c38ec390b40661,2026-01-28T23:40:52.687558+00:00,DVT_Bot
Amplify Bot,Bonus,5,5.5,260,false,reference/effective_paths/copy_of_bots_v2_2.xlsx,f329a9751b3cf7c15450e8c0f402bd989c57eea7b858b48940c38ec390b40661,2026-01-28T23:40:52.687558+00:00,DVT_Bot
Amplify Bot,Bonus,6,5.9,300,false,reference/effective_paths/copy_of_bots_v2_2.xlsx,f329a9751b3cf7c15450e8c0f402bd989c57eea7b858b48940c38ec390b40661,2026-01-28T23:40:52.687558+00:00,DVT_Bot
Amplify Bot,Bonus,7,6.3,340,false,reference/effective_paths/copy_of_bots_v2_2.xlsx,f329a9751b3cf7c15450e8c0f402bd989c57eea7b858b48940c38ec390b40661,2026-01-28T23:40:52.687558+00:00,DVT_Bot
Amplify Bot,Bonus,8,6.7,380,false,reference/effective_paths/copy_of_bots_v2_2.xlsx,f329a9751b3cf7c15450e8c0f402bd989c57eea7b858b48940c38ec390b40661,2026-01-28T23:40:52.687558+00:00,DVT_Bot
Amplify Bot,Bonus,9,7.1,420,false,reference/effective_paths/copy_of_bots_v2_2.xlsx,f329a9751b3cf7c15450e8c0f402bd989c57eea7b858b48940c38ec390b40661,2026-01-28T23:40:52.687558+00:00,DVT_Bot
Amplify Bot,Bonus,10,7.5,460,false,reference/effective_paths/copy_of_bots_v2_2.xlsx,f329a9751b3cf7c15450e8c0f402bd989c57eea7b858b48940c38ec390b40661,2026-01-28T23:40:52.687558+00:00,DVT_Bot
Amplify Bot,Bonus,11,7.9,500,false,reference/effective_paths/copy_of_bots_v2_2.xlsx,f329a9751b3cf7c15450e8c0f402bd989c57eea7b858b48940c38ec390b40661,2026-01-28T23:40:52.687558+00:00,DVT_Bot
Amplify Bot,Bonus,12,8.3,540,false,reference/effective_paths/copy_of_bots_v2_2.xlsx,f329a9751b3cf7c15450e8c0f402bd989c57eea7b858b48940c38ec390b40661,2026-01-28T23:40:52.687558+00:00,DVT_Bot
Amplify Bot,Bonus,13,8.7,580,false,reference/effective_paths/copy_of_bots_v2_2.xlsx,f329a9751b3cf7c15450e8c0f402bd989c57eea7b858b48940c38ec390b40661,2026-01-28T23:40:52.687558+00:00,DVT_Bot
Amplify Bot,Bonus,14,9.1,620,false,reference/effective_paths/copy_of_bots_v2_2.xlsx,f329a9751b3cf7c15450e8c0f402bd989c57eea7b858b48940c38ec390b40661,2026-01-28T23:40:52.687558+00:00,DVT_Bot
Amplify Bot,Bonus,15,9.5,660,false,reference/effective_paths/copy_of_bots_v2_2.xlsx,f329a9751b3cf7c15450e8c0f402bd989c57eea7b858b48940c38ec390b40661,2026-01-28T23:40:52.687558+00:00,DVT_Bot
Amplify Bot,Bonus,16,9.9,700,false,reference/effective_paths/copy_of_bots_v2_2.xlsx,f329a9751b3cf7c15450e8c0f402bd989c57eea7b858b48940c38ec390b40661,2026-01-28T23:40:52.687558+00:00,DVT_Bot
Amplify Bot,Bonus,17,10.3,740,false,reference/effective_paths/copy_of_bots_v2_2.xlsx,f329a9751b3cf7c15450e8c0f402bd989c57eea7b858b48940c38ec390b40661,2026-01-28T23:40:52.687558+00:00,DVT_Bot
Amplify Bot,Bonus,18,10.7,780,false,reference/effective_paths/copy_of_bots_v2_2.xlsx,f329a9751b3cf7c15450e8c0f402bd989c57eea7b858b48940c38ec390b40661,2026-01-28T23:40:52.687558+00:00,DVT_Bot
Amplify Bot,Bonus,19,11.1,820,false,reference/effective_paths/copy_of_bots_v2_2.xlsx,f329a9751b3cf7c15450e8c0f402bd989c57eea7b858b48940c38ec390b40661,2026-01-28T23:40:52.687558+00:00,DVT_Bot
Amplify Bot,Bonus,20,11.5,860,false,reference/effective_paths/copy_of_bots_v2_2.xlsx,f329a9751b3cf7c15450e8c0f402bd989c57eea7b858b48940c38ec390b40661,2026-01-28T23:40:52.687558+00:00,DVT_Bot
Amplify Bot,Bonus,21,11.9,900,false,reference/effective_paths/copy_of_bots_v2_2.xlsx,f329a9751b3cf7c15450e8c0f402bd989c57eea7b858b48940c38ec390b40661,2026-01-28T23:40:52.687558+00:00,DVT_Bot
Amplify Bot,Bonus,22,12.3,940,false,reference/effective_paths/copy_of_bots_v2_2.xlsx,f329a9751b3cf7c15450e8c0f402bd989c57eea7b858b48940c38ec390b40661,2026-01-28T23:40:52.687558+00:00,DVT_Bot
Amplify Bot,Bonus,23,12.7,980,false,reference/effective_paths/copy_of_bots_v2_2.xlsx,f329a9751b3cf7c15450e8c0f402bd989c57eea7b858b48940c38ec390b40661,2026-01-28T23:40:52.687558+00:00,DVT_Bot
Amplify Bot,Bonus,24,13.1,1020,false,reference/effective_paths/copy_of_bots_v2_2.xlsx,f329a9751b3cf7c15450e8c0f402bd989c57eea7b858b48940c38ec390b40661,2026-01-28T23:40:52.687558+00:00,DVT_Bot
Amplify Bot,Bonus,25,13.5,1060,false,reference/effective_paths/copy_of_bots_v2_2.xlsx,f329a9751b3cf7c15450e8c0f402bd989c57eea7b858b48940c38ec390b40661,2026-01-28T23:40:52.687558+00:00,DVT_Bot
Amplify Bot,Bonus,26,13.9,1100,false,reference/effective_paths/copy_of_bots_v2_2.xlsx,f329a9751b3cf7c15450e8c0f402bd989c57eea7b858b48940c38ec390b40661,2026-01-28T23:40:52.687558+00:00,DVT_Bot
Amplify Bot,Bonus,27,14.3,1140,false,reference/effective_paths/copy_of_bots_v2_2.xlsx,f329a9751b3cf7c15450e8c0f402bd989c57eea7b858b48940c38ec390b40661,2026-01-28T23:40:52.687558+00:00,DVT_Bot
Amplify Bot,Bonus,28,14.7,1180,false,reference/effective_paths/copy_of_bots_v2_2.xlsx,f329a9751b3cf7c15450e8c0f402bd989c57eea7b858b48940c38ec390b40661,2026-01-28T23:40:52.687558+00:00,DVT_Bot
Amplify Bot,Bonus,29,15.1,1220,false,reference/effective_paths/copy_of_bots_v2_2.xlsx,f329a9751b3cf7c15450e8c0f402bd989c57eea7b858b48940c38ec390b40661,2026-01-28T23:40:52.687558+00:00,DVT_Bot
Amplify Bot,Bonus,30,15.5,1260,false,reference/effective_paths/copy_of_bots_v2_2.xlsx,f329a9751b3cf7c15450e8c0f402bd989c57eea7b858b48940c38ec390b40661,2026-01-28T23:40:52.687558+00:00,DVT_Bot
Amplify Bot,Bonus,31,15.5,,true,reference/effective_paths/copy_of_bots_v2_2.xlsx,f329a9751b3cf7c15450e8c0f402bd989c57eea7b858b48940c38ec390b40661,2026-01-28T23:40:52.687558+00:00,DVT_Bot
Amplify Bot,Range,0,25,0,false,reference/effective_paths/copy_of_bots_v2_2.xlsx,f329a9751b3cf7c15450e8c0f402bd989c57eea7b858b48940c38ec390b40661,2026-01-28T23:40:52.687558+00:00,DVT_Bot
Amplify Bot,Range,1,27,100,false,reference/effective_paths/copy_of_bots_v2_2.xlsx,f329a9751b3cf7c15450e8c0f402bd989c57eea7b858b48940c38ec390b40661,2026-01-28T23:40:52.687558+00:00,DVT_Bot
Amplify Bot,Range,2,29,140,false,reference/effective_paths/copy_of_bots_v2_2.xlsx,f329a9751b3cf7c15450e8c0f402bd989c57eea7b858b48940c38ec390b40661,2026-01-28T23:40:52.687558+00:00,DVT_Bot
Amplify Bot,Range,3,31,180,false,reference/effective_paths/copy_of_bots_v2_2.xlsx,f329a9751b3cf7c15450e8c0f402bd989c57eea7b858b48940c38ec390b40661,2026-01-28T23:40:52.687558+00:00,DVT_Bot
Amplify Bot,Range,4,33,220,false,reference/effective_paths/copy_of_bots_v2_2.xlsx,f329a9751b3cf7c15450e8c0f402bd989c57eea7b858b48940c38ec390b40661,2026-01-28T23:40:52.687558+00:00,DVT_Bot
Amplify Bot,Range,5,35,260,false,reference/effective_paths/copy_of_bots_v2_2.xlsx,f329a9751b3cf7c15450e8c0f402bd989c57eea7b858b48940c38ec390b40661,2026-01-28T23:40:52.687558+00:00,DVT_Bot
Amplify Bot,Range,6,37,300,false,reference/effective_paths/copy_of_bots_v2_2.xlsx,f329a9751b3cf7c15450e8c0f402bd989c57eea7b858b48940c38ec390b40661,2026-01-28T23:40:52.687558+00:00,DVT_Bot
Amplify Bot,Range,7,39,340,false,reference/effective_paths/copy_of_bots_v2_2.xlsx,f329a9751b3cf7c15450e8c0f402bd989c57eea7b858b48940c38ec390b40661,2026-01-28T23:40:52.687558+00:00,DVT_Bot
Amplify Bot,Range,8,41,380,false,reference/effective_paths/copy_of_bots_v2_2.xlsx,f329a9751b3cf7c15450e8c0f402bd989c57eea7b858b48940c38ec390b40661,2026-01-28T23:40:52.687558+00:00,DVT_Bot
Amplify Bot,Range,9,43,420,false,reference/effective_paths/copy_of_bots_v2_2.xlsx,f329a9751b3cf7c15450e8c0f402bd989c57eea7b858b48940c38ec390b40661,2026-01-28T23:40:52.687558+00:00,DVT_Bot
Amplify Bot,Range,10,45,460,false,reference/effective_paths/copy_of_bots_v2_2.xlsx,f329a9751b3cf7c15450e8c0f402bd989c57eea7b858b48940c38ec390b40661,2026-01-28T23:40:52.687558+00:00,DVT_Bot
Amplify Bot,Range,11,47,500,false,reference/effective_paths/copy_of_bots_v2_2.xlsx,f329a9751b3cf7c15450e8c0f402bd989c57eea7b858b48940c38ec390b40661,2026-01-28T23:40:52.687558+00:00,DVT_Bot
Amplify Bot,Range,12,49,540,false,reference/effective_paths/copy_of_bots_v2_2.xlsx,f329a9751b3cf7c15450e8c0f402bd989c57eea7b858b48940c38ec390b40661,2026-01-28T23:40:52.687558+00:00,DVT_Bot
Amplify Bot,Range,13,51,580,false,reference/effective_paths/copy_of_bots_v2_2.xlsx,f329a9751b3cf7c15450e8c0f402bd989c57eea7b858b48940c38ec390b40661,2026-01-28T23:40:52.687558+00:00,DVT_Bot
Amplify Bot,Range,14,53,620,false,reference/effective_paths/copy_of_bots_v2_2.xlsx,f329a9751b3cf7c15450e8c0f402bd989c57eea7b858b48940c38ec390b40661,2026-01-28T23:40:52.687558+00:00,DVT_Bot
Amplify Bot,Range,15,55,660,false,reference/effective_paths/copy_of_bots_v2_2.xlsx,f329a9751b3cf7c15450e8c0f402bd989c57eea7b858b48940c38ec390b40661,2026-01-28T23:40:52.687558+00:00,DVT_Bot
Amplify Bot,Range,16,55,,true,reference/effective_paths/copy_of_bots_v2_2.xlsx,f329a9751b3cf7c15450e8c0f402bd989c57eea7b858b48940c38ec390b40661,2026-01-28T23:40:52.687558+00:00,DVT_Bot
